timestamp_ms,avg_pop_firing_rate_hz,membrane_dv_dt,routing_entropy,saaq_delta_q_prev,saaq_delta_q_target
1775992159648,0.000000,0.000000,1.000000,0.000000,0.020000
1775992159706,32.058189,3.744596,1.000000,0.020000,0.347846
1775992159763,0.000000,-3.810291,1.000000,0.347846,0.162777
1775992159822,0.000000,0.000000,1.000000,0.162777,0.104644
1775992159879,30.324835,3.839241,1.000000,0.104644,0.392807
1775992159938,28.005827,-0.082822,1.000000,0.392807,0.503431
1775992159996,0.000000,-3.688797,1.000000,0.503431,0.244896
1775992160054,28.791758,3.780389,1.000000,0.244896,0.465150
1775992160112,26.636585,-0.102206,0.999924,0.465150,0.540841
1775992160170,23.605873,-0.040235,0.995136,0.540841,0.575264
1775992160228,0.000000,-3.637949,0.995947,0.575264,0.281947
1775992160285,0.000000,0.000000,0.996625,0.281947,0.165937
1775992160343,30.441811,3.710504,0.996263,0.165937,0.422645
1775992160401,27.141703,0.009621,0.978702,0.422645,0.515612
1775992160458,0.000000,-3.785390,0.982050,0.515612,0.246674
1775992160515,29.057018,3.792974,0.982246,0.246674,0.462650
1775992160573,25.895744,-0.019448,0.966116,0.462650,0.533606
1775992160630,30.256306,0.018545,0.950062,0.533606,0.567673
1775992160687,0.000000,-3.791730,0.957177,0.567673,0.268708
1775992160744,0.000000,0.000000,0.963434,0.268708,0.152415
1775992160802,31.047953,3.785124,0.967640,0.152415,0.410635
1775992160858,29.331751,-0.067274,0.952450,0.410635,0.503348
1775992160914,22.356304,0.029856,0.946527,0.503348,0.532168
1775992160970,0.000000,-3.882888,0.954048,0.532168,0.248708
1775992161027,0.000000,0.000000,0.960687,0.248708,0.141466
1775992161084,0.000000,0.000000,0.966500,0.141466,0.086862
1775992161141,31.901041,3.822087,0.971552,0.086862,0.377699
1775992161198,0.000000,-3.822087,0.975916,0.377699,0.173366
1775992161255,29.570997,3.760466,0.975335,0.173366,0.422822
1775992161311,0.000000,-3.827617,0.979167,0.422822,0.197425
1775992161368,0.000000,0.000000,0.982446,0.197425,0.119150
1775992161425,31.901041,3.917978,0.984414,0.119150,0.398021
1775992161482,28.234650,-0.116571,0.973875,0.398021,0.500580
1775992161539,0.000000,-3.801407,0.977914,0.500580,0.237870
1775992161596,0.000000,0.000000,0.981375,0.237870,0.139968
1775992161652,32.540455,3.852082,0.982424,0.139968,0.407789
1775992161708,0.000000,-3.852082,0.985221,0.407789,0.190573
1775992161765,0.000000,0.000000,0.987595,0.190573,0.116617
1775992161821,0.000000,0.000000,0.989605,0.116617,0.078562
1775992161879,0.000000,0.000000,0.991301,0.078562,0.059112
1775992161936,0.000000,0.000000,0.992730,0.059112,0.049284
1775992161994,0.000000,0.000000,0.993930,0.049284,0.044414
1775992162052,0.000000,0.000000,0.994937,0.044414,0.042083
1775992162108,32.470703,3.829279,0.995780,0.042083,0.359332
1775992162164,56.082588,1.228710,0.995928,0.359332,0.498325
1775992162221,0.000000,-4.969253,0.996609,0.498325,0.228758
1775992162278,0.000000,0.000000,0.997178,0.228758,0.138390
1775992162334,32.645088,3.912583,0.997653,0.138390,0.410619
1775992162391,0.000000,-3.843941,0.998049,0.410619,0.194692
1775992162447,0.000000,0.000000,0.998378,0.194692,0.120916
1775992162504,0.000000,0.000000,0.998653,0.120916,0.082607
1775992162560,0.000000,0.000000,0.998881,0.082607,0.062732
1775992162617,0.000000,0.000000,0.999071,0.062732,0.052435
1775992162673,32.784595,3.837435,0.999229,0.052435,0.365486
1775992162729,0.000000,-3.837435,0.999360,0.365486,0.171551
1775992162786,0.000000,0.000000,0.999469,0.171551,0.109100
1775992162843,0.000000,0.000000,0.999560,0.109100,0.076644
1775992162900,0.000000,0.000000,0.999635,0.076644,0.059782
1775992162957,0.000000,0.000000,0.999697,0.059782,0.051026
1775992163013,0.000000,0.000000,0.999749,0.051026,0.046483
1775992163070,0.000000,0.000000,0.999792,0.046483,0.044130
1775992163128,0.000000,0.000000,0.999828,0.044130,0.042913
1775992163184,0.000000,0.000000,0.999857,0.042913,0.042286
1775992163241,0.000000,0.000000,0.999881,0.042286,0.041965
1775992163298,0.000000,0.000000,0.999902,0.041965,0.041802
1775992163356,0.000000,0.000000,0.999919,0.041802,0.041721
1775992163412,0.000000,0.000000,0.999933,0.041721,0.041681
1775992163468,33.203125,3.878332,0.999944,0.041681,0.360446
1775992163525,0.000000,-3.810291,0.999954,0.360446,0.169320
1775992163582,0.000000,0.000000,0.999962,0.169320,0.108039
1775992163639,32.140900,3.813477,0.999968,0.108039,0.394309
1775992163696,0.000000,-3.813477,0.999974,0.394309,0.186900
1775992163752,0.000000,0.000000,0.999978,0.186900,0.117184
1775992163809,0.000000,0.000000,0.999982,0.117184,0.080932
1775992163866,0.000000,0.000000,0.999985,0.080932,0.062082
1775992163923,31.832512,3.761009,0.999988,0.062082,0.369890
1775992163980,0.000000,-3.761009,0.999990,0.369890,0.174731
1775992164037,0.000000,0.000000,0.999992,0.174731,0.110858
1775992164093,32.679966,3.965456,0.999993,0.110858,0.397299
1775992164150,52.802906,2.069279,0.999624,0.397299,0.527213
1775992164206,0.000000,-6.051074,0.999688,0.527213,0.233578
1775992164263,0.000000,-0.016476,0.999742,0.233578,0.141244
1775992164320,0.000000,-0.003076,0.999786,0.141244,0.093373
1775992164378,31.856144,3.766227,0.999822,0.093373,0.386181
1775992164434,30.482700,0.020642,0.996925,0.386181,0.500405
1775992164491,0.000000,-3.853275,0.997442,0.500405,0.241167
1775992164547,0.000000,-0.000004,0.997873,0.241167,0.144981
1775992164602,31.924717,3.942150,0.997919,0.144981,0.414396
1775992164656,33.673321,1.296546,0.993932,0.414396,0.527238
1775992164710,0.000000,-5.311700,0.994939,0.527238,0.240034
1775992164763,0.000000,0.000000,0.995781,0.240034,0.143974
1775992164816,42.047466,5.858310,0.995966,0.143974,0.432643
1775992164870,0.000000,-5.678813,0.996641,0.432643,0.187514
1775992164923,30.807783,4.028398,0.987620,0.187514,0.435315
1775992164976,0.000000,-4.098362,0.989626,0.435315,0.203306
1775992165028,0.000000,-0.001974,0.991319,0.203306,0.123963
1775992165085,32.140900,3.848034,0.992744,0.123963,0.401490
1775992165141,65.813332,1.759920,0.980342,0.401490,0.522442
1775992165197,0.000000,-5.672419,0.983449,0.522442,0.231636
1775992165254,0.000000,-0.003910,0.986093,0.231636,0.137630
1775992165309,0.000000,-0.000594,0.988335,0.137630,0.089229
1775992165366,0.000000,-0.000089,0.990230,0.089229,0.064444
1775992165421,0.000000,-0.000017,0.991828,0.064444,0.051876
1775992165477,0.000000,-0.000003,0.993173,0.051876,0.045610
1775992165533,33.586773,3.975295,0.994302,0.045610,0.362331
1775992165589,0.000000,-3.975296,0.995249,0.362331,0.167709
1775992165644,37.677559,5.257946,0.996041,0.167709,0.438996
1775992165701,0.000000,-5.025261,0.996704,0.438996,0.197366
1775992165757,0.000000,-0.039803,0.997257,0.197366,0.121684
1775992165814,30.461897,3.760959,0.997719,0.121684,0.400429
1775992165870,28.564453,0.020479,0.994296,0.400429,0.507287
1775992165927,0.000000,-3.790145,0.995244,0.507287,0.244937
1775992165982,61.044033,6.535714,0.991809,0.244937,0.491086
1775992166038,22.844585,-2.666454,0.975809,0.491086,0.510382
1775992166095,0.000000,-3.686740,0.979575,0.510382,0.244446
1775992166151,28.250557,3.913476,0.978613,0.244446,0.461969
1775992166206,24.502842,0.034567,0.954741,0.461969,0.531518
1775992166263,0.000000,-3.878173,0.961296,0.531518,0.249867
1775992166319,0.000000,-0.000000,0.967031,0.249867,0.143337
1775992166375,0.000000,-0.000000,0.972012,0.143337,0.088937
1775992166431,0.000000,-0.000000,0.976312,0.088937,0.061510
1775992166488,0.000000,-0.000000,0.980004,0.061510,0.047986
1775992166545,32.483551,3.835031,0.983160,0.047986,0.359935
1775992166601,0.000000,-3.903513,0.985846,0.359935,0.165300
1775992166658,48.177082,5.523078,0.987313,0.165300,0.438649
1775992166715,26.864035,-1.673694,0.987923,0.438649,0.508945
1775992166770,24.325285,-0.099460,0.969500,0.508945,0.557557
1775992166825,0.000000,-3.889274,0.974147,0.557557,0.265866
1775992166882,0.000000,-0.000492,0.978148,0.265866,0.153875
1775992166939,0.000000,-0.000093,0.981576,0.153875,0.096329
1775992166995,0.000000,-0.000018,0.984499,0.096329,0.066991
1775992167052,0.000000,-0.000003,0.986984,0.066991,0.052232
1775992167108,0.000000,-0.000001,0.989088,0.052232,0.044978
1775992167164,63.929966,6.387892,0.990865,0.044978,0.385441
1775992167220,0.000000,-6.387892,0.992363,0.385441,0.155023
1775992167277,0.000000,0.000000,0.993622,0.155023,0.099336
1775992167333,0.000000,0.000000,0.994679,0.099336,0.070591
1775992167389,0.000000,0.000000,0.995564,0.070591,0.055820
1775992167445,0.000000,0.000000,0.996305,0.055820,0.048287
1775992167501,0.000000,0.000000,0.996924,0.048287,0.044494
1775992167557,0.000000,0.000000,0.997441,0.044494,0.042625
1775992167614,0.000000,0.000000,0.997872,0.042625,0.041739
1775992167670,63.964840,6.380565,0.998231,0.041739,0.385156
1775992167726,0.000000,-6.380565,0.998530,0.385156,0.156182
1775992167783,0.000000,0.000000,0.998779,0.156182,0.100970
1775992167840,0.000000,0.000000,0.998986,0.100970,0.072302
1775992167896,0.000000,0.000000,0.999159,0.072302,0.057429
1775992167952,0.000000,0.000000,0.999302,0.057429,0.049723
1775992168009,0.000000,0.000000,0.999421,0.049723,0.045740
1775992168065,0.000000,0.000000,0.999519,0.045740,0.043689
1775992168121,0.000000,0.000000,0.999601,0.043689,0.042638
1775992168177,0.000000,0.000000,0.999669,0.042638,0.042106
1775992168233,33.621651,3.974597,0.999726,0.042106,0.361586
1775992168289,0.000000,-3.974597,0.999773,0.361586,0.168233
1775992168346,0.000000,0.000000,0.999812,0.168233,0.107444
1775992168402,0.000000,0.000000,0.999844,0.107444,0.075839
1775992168459,32.586349,3.804463,0.999871,0.075839,0.377455
1775992168515,29.401506,-0.043607,0.999893,0.377455,0.495819
1775992168573,22.662985,0.008991,0.999816,0.495819,0.542281
1775992168630,51.637882,2.437076,0.995135,0.542281,0.605384
1775992168686,20.438057,-2.441735,0.980000,0.605384,0.544826
1775992168743,0.000000,-3.808949,0.983157,0.544826,0.261852
1775992168799,31.005857,3.884101,0.978740,0.261852,0.470752
1775992168855,22.426060,0.069659,0.968252,0.470752,0.520775
1775992168912,27.994791,-0.172079,0.949822,0.520775,0.559047
1775992168968,0.000000,-3.778608,0.956964,0.559047,0.264311
1775992169024,0.000000,0.000000,0.963246,0.264311,0.150091
1775992169081,0.000000,0.000000,0.968727,0.150091,0.091793
1775992169137,39.969307,5.167594,0.973479,0.091793,0.394104
1775992169194,0.000000,-5.036476,0.977574,0.394104,0.170084
1775992169249,0.000000,-0.034958,0.981084,0.170084,0.104311
1775992169306,0.000000,-0.005709,0.984081,0.104311,0.071001
1775992169362,31.982420,3.818198,0.986628,0.071001,0.372428
1775992169419,0.000000,-3.752208,0.988787,0.372428,0.173898
1775992169475,0.000000,-0.000019,0.990612,0.173898,0.108549
1775992169531,0.000000,-0.000004,0.992149,0.108549,0.074875
1775992169587,33.342632,3.959748,0.993442,0.074875,0.377221
1775992169643,0.000000,-3.959749,0.994528,0.377221,0.175463
1775992169699,0.000000,-0.000000,0.995438,0.175463,0.110328
1775992169755,0.000000,-0.000000,0.996199,0.110328,0.076611
1775992169811,0.000000,-0.000000,0.996836,0.076611,0.059205
1775992169867,0.000000,-0.000000,0.997367,0.059205,0.050260
1775992169923,0.000000,-0.000000,0.997810,0.050260,0.045697
1775992169980,31.901041,3.759352,0.998180,0.045697,0.360992
1775992170037,0.000000,-3.759352,0.998488,0.360992,0.169820
1775992170094,0.000000,-0.000000,0.998744,0.169820,0.108055
1775992170151,63.836349,7.306601,0.998957,0.108055,0.429046
1775992170207,27.553013,-3.605644,0.997769,0.429046,0.486601
1775992170262,27.095171,0.045766,0.991832,0.486601,0.551857
1775992170319,25.527687,-0.060382,0.982679,0.551857,0.582897
1775992170376,0.000000,-3.747990,0.985437,0.582897,0.282714
1775992170432,0.000000,0.000000,0.987779,0.282714,0.164567
1775992170490,30.408136,3.717824,0.988940,0.164567,0.420541
1775992170547,0.000000,-3.783049,0.990740,0.420541,0.198999
1775992170603,0.000000,0.000000,0.992258,0.198999,0.121931
1775992170660,38.617050,4.966219,0.993533,0.121931,0.411773
1775992170717,0.000000,-4.940493,0.994604,0.411773,0.183638
1775992170773,29.645647,3.891451,0.992960,0.183638,0.432998
1775992170830,0.000000,-3.848054,0.994123,0.432998,0.205503
1775992170888,25.794720,3.736156,0.988521,0.205503,0.441927
1775992170944,0.000000,-3.870432,0.990389,0.441927,0.209176
1775992170999,0.000000,-0.000022,0.991964,0.209176,0.127164
1775992171055,0.000000,-0.000004,0.993288,0.127164,0.084783
1775992171112,32.483551,3.846788,0.994399,0.084783,0.381435
1775992171168,0.000000,-3.915481,0.995331,0.381435,0.178257
1775992171225,26.829769,3.845502,0.994494,0.178257,0.430048
1775992171280,0.000000,-3.985338,0.995410,0.430048,0.202853
1775992171336,0.000000,0.000000,0.996176,0.202853,0.124719
1775992171392,0.000000,0.000000,0.996817,0.124719,0.084217
1775992171449,0.000000,0.000000,0.997352,0.084217,0.063263
1775992171505,33.586773,3.983327,0.997798,0.063263,0.372290
1775992171562,27.412281,-0.113334,0.995455,0.372290,0.491548
1775992171618,0.000000,-3.867970,0.996214,0.491548,0.236168
1775992171674,31.529016,3.856049,0.995396,0.236168,0.460447
1775992171731,31.421328,0.038866,0.975786,0.460447,0.534978
1775992171788,0.000000,-3.827265,0.979553,0.534978,0.255827
1775992171843,31.853693,3.942607,0.972022,0.255827,0.466860
1775992171899,0.000000,-3.872204,0.976321,0.466860,0.219310
1775992171955,0.000000,0.000000,0.980012,0.219310,0.130043
1775992172011,0.000000,0.000000,0.983167,0.130043,0.084256
1775992172067,0.000000,0.000000,0.985853,0.084256,0.060984
1775992172125,31.923492,3.780417,0.988131,0.060984,0.367142
1775992172182,28.954222,-0.093042,0.988591,0.367142,0.487701
1775992172238,0.000000,-3.820729,0.990445,0.487701,0.233487
1775992172295,26.384319,3.792181,0.987919,0.233487,0.456918
1775992172350,0.000000,-3.930078,0.989879,0.456918,0.216273
1775992172406,0.000000,0.000000,0.991532,0.216273,0.130768
1775992172462,32.610210,3.982887,0.992150,0.130768,0.406258
1775992172517,0.000000,-4.055304,0.993443,0.406258,0.189390
1775992172573,32.121929,3.879912,0.988834,0.189390,0.435049
1775992172630,32.106632,1.092133,0.972507,0.435049,0.531648
1775992172686,0.000000,-4.982872,0.976740,0.531648,0.241976
1775992172743,0.000000,-0.008302,0.980373,0.241976,0.141819
1775992172800,0.000000,-0.000221,0.983475,0.141819,0.090439
1775992172856,32.540455,3.929752,0.986115,0.090439,0.383549
1775992172912,31.947544,-0.054439,0.979999,0.383549,0.494901
1775992172970,0.000000,-3.741682,0.983156,0.494901,0.236563
1775992173026,26.855469,3.938367,0.980185,0.236563,0.458433
1775992173083,0.000000,-3.869273,0.983314,0.458433,0.216355
1775992173139,27.936663,3.852896,0.978057,0.216355,0.446645
1775992173196,23.403234,0.033374,0.958453,0.446645,0.517317
1775992173252,0.000000,-3.886866,0.964550,0.517317,0.243046
1775992173310,30.475485,3.724406,0.964008,0.243046,0.456430
1775992173367,0.000000,-3.789746,0.969392,0.456430,0.213324
1775992173424,31.421328,3.844332,0.965840,0.213324,0.442540
1775992173481,0.000000,-3.844332,0.970982,0.442540,0.205874
1775992173539,0.000000,0.000000,0.975426,0.205874,0.122140
1775992173595,0.000000,0.000000,0.979246,0.122140,0.079362
1775992173651,62.988277,6.370148,0.981584,0.079362,0.401286
1775992173707,0.000000,-6.370148,0.984506,0.401286,0.161869
1775992173765,0.000000,0.000000,0.986990,0.161869,0.101570
1775992173823,31.317350,3.739830,0.989093,0.101570,0.388033
1775992173879,0.000000,-3.873395,0.990870,0.388033,0.181217
1775992173935,31.529016,3.839299,0.991584,0.181217,0.430943
1775992173992,0.000000,-3.771943,0.992967,0.430943,0.204964
1775992174049,0.000000,0.000000,0.994129,0.204964,0.125407
1775992174104,0.000000,0.000000,0.995104,0.125407,0.084233
1775992174160,40.004185,5.154325,0.995920,0.084233,0.394528
1775992174216,0.000000,-5.112848,0.996603,0.394528,0.173347
1775992174272,0.000000,-0.034539,0.997172,0.173347,0.109229
1775992174329,0.000000,-0.005774,0.997648,0.109229,0.076271
1775992174384,0.000000,-0.000928,0.998045,0.076271,0.059261
1775992174441,0.000000,-0.000124,0.998375,0.059261,0.050489
1775992174497,0.000000,-0.000019,0.998650,0.050489,0.045984
1775992174553,33.203125,3.877609,0.998879,0.045984,0.362464
1775992174609,30.657085,0.055275,0.998808,0.362464,0.488795
1775992174665,0.000000,-3.932889,0.999010,0.488795,0.234647
1775992174721,0.000000,-0.000000,0.999178,0.234647,0.141852
1775992174777,31.424385,3.855182,0.999108,0.141852,0.412136
1775992174834,0.000000,-3.787547,0.999260,0.412136,0.196287
1775992174891,0.000000,-0.000000,0.999386,0.196287,0.121947
1775992174947,0.000000,-0.000000,0.999490,0.121947,0.083310
1775992175003,33.063614,3.914994,0.999577,0.083310,0.382387
1775992175060,0.000000,-3.846310,0.999650,0.382387,0.180308
1775992175116,31.598772,3.862783,0.998757,0.180308,0.432139
1775992175172,26.994976,-0.058819,0.988156,0.432139,0.521755
1775992175229,0.000000,-3.737228,0.990079,0.521755,0.251956
1775992175285,0.000000,0.000000,0.991701,0.251956,0.149357
1775992175341,33.272877,3.932898,0.991647,0.149357,0.415324
1775992175397,0.000000,-3.932898,0.993021,0.415324,0.195244
1775992175454,0.000000,0.000000,0.994175,0.195244,0.120362
1775992175511,0.000000,0.000000,0.995142,0.120362,0.081616
1775992175567,0.000000,0.000000,0.995952,0.081616,0.061631
1775992175624,32.175163,3.779250,0.996629,0.061631,0.369166
1775992175681,0.000000,-3.779250,0.997195,0.369166,0.173613
1775992175737,0.000000,0.000000,0.997667,0.173613,0.109812
1775992175794,0.000000,0.000000,0.998060,0.109812,0.076714
1775992175851,0.000000,0.000000,0.998388,0.076714,0.059569
1775992175907,0.000000,0.000000,0.998661,0.059569,0.050708
1775992175964,0.000000,0.000000,0.998888,0.050708,0.046146
1775992176022,32.462284,3.837663,0.999077,0.046146,0.362188
1775992176081,0.000000,-3.772618,0.999234,0.362188,0.170458
1775992176137,36.376953,5.252424,0.999364,0.170458,0.441035
1775992176194,26.555647,-1.328695,0.999056,0.441035,0.515863
1775992176251,26.726974,-0.081664,0.995060,0.515863,0.566444
1775992176307,0.000000,-3.816880,0.995884,0.566444,0.275559
1775992176364,0.000000,0.000000,0.996572,0.275559,0.162605
1775992176420,0.000000,0.000000,0.997147,0.162605,0.103984
1775992176476,0.000000,0.000000,0.997627,0.103984,0.073597
1775992176532,0.000000,0.000000,0.998027,0.073597,0.057876
1775992176588,0.000000,0.000000,0.998361,0.057876,0.049768
1775992176645,32.209431,3.770844,0.998638,0.049768,0.363315
1775992176701,0.000000,-3.838180,0.998869,0.363315,0.170316
1775992176756,0.000000,0.000000,0.999061,0.170316,0.108377
1775992176812,33.447266,3.989218,0.999221,0.108377,0.396092
1775992176868,0.000000,-3.989218,0.999353,0.396092,0.185946
1775992176925,0.000000,0.000000,0.999464,0.185946,0.116585
1775992176981,0.000000,0.000000,0.999555,0.116585,0.080535
1775992177037,0.000000,0.000000,0.999631,0.080535,0.061804
1775992177092,0.000000,0.000000,0.999694,0.061804,0.052077
1775992177148,32.749722,3.886994,0.999746,0.052077,0.365899
1775992177204,0.000000,-3.886994,0.999790,0.365899,0.171356
1775992177260,0.000000,0.000000,0.999826,0.171356,0.109070
1775992177317,0.000000,0.000000,0.999856,0.109070,0.076688
1775992177373,0.000000,0.000000,0.999880,0.076688,0.059854
1775992177429,0.000000,0.000000,0.999901,0.059854,0.051104
1775992177485,33.203125,3.878080,0.999918,0.051104,0.365339
1775992177542,0.000000,-3.810043,0.999932,0.365339,0.171862
1775992177597,32.244320,3.925695,0.999944,0.171862,0.428614
1775992177653,53.850445,2.600548,0.999864,0.428614,0.548857
1775992177709,0.000000,-6.456141,0.999887,0.548857,0.240822
1775992177765,0.000000,0.000000,0.999907,0.240822,0.145209
1775992177820,0.000000,0.000000,0.999923,0.145209,0.095493
1775992177876,0.000000,0.000000,0.999936,0.095493,0.069643
1775992177931,0.000000,0.000000,0.999947,0.069643,0.056204
1775992177987,0.000000,0.000000,0.999956,0.056204,0.049217
1775992178043,0.000000,0.000000,0.999964,0.049217,0.045586
1775992178100,0.000000,0.000000,0.999970,0.045586,0.043698
1775992178155,0.000000,0.000000,0.999975,0.043698,0.042718
1775992178213,0.000000,0.000000,0.999979,0.042718,0.042209
1775992178270,0.000000,0.000000,0.999983,0.042209,0.041945
1775992178326,0.000000,0.000000,0.999986,0.041945,0.041809
1775992178385,0.000000,0.000000,0.999988,0.041809,0.041738
1775992178442,32.620613,3.810291,0.999990,0.041738,0.359805
1775992178499,0.000000,-3.810291,0.999992,0.359805,0.168994
1775992178556,0.000000,0.000000,0.999993,0.168994,0.107875
1775992178614,31.182652,3.701526,0.999995,0.107875,0.393109
1775992178671,52.391720,2.559890,0.999995,0.393109,0.530015
1775992178729,22.797684,-2.607112,0.999490,0.530015,0.535408
1775992178786,0.000000,-3.673505,0.999577,0.535408,0.261592
1775992178843,28.543037,3.775748,0.996743,0.261592,0.473134
1775992178901,0.000000,-3.710649,0.997290,0.473134,0.228381
1775992178956,27.130682,3.944808,0.993344,0.228381,0.456875
1775992179012,0.000000,-3.874365,0.994446,0.456875,0.217721
1775992179068,0.000000,0.000000,0.995370,0.217721,0.132289
1775992179124,38.888111,5.163074,0.996143,0.132289,0.419649
1775992179181,0.000000,-5.046688,0.996789,0.419649,0.187108
1775992179238,0.000000,-0.022088,0.997328,0.187108,0.116541
1775992179295,0.000000,-0.003066,0.997778,0.116541,0.080126
1775992179353,0.000000,-0.000520,0.998153,0.080126,0.061291
1775992179409,0.000000,-0.000101,0.998465,0.061291,0.051563
1775992179467,0.000000,-0.000018,0.998725,0.051563,0.046558
1775992179524,0.000000,-0.000003,0.998941,0.046558,0.043998
1775992179580,0.000000,-0.000001,0.999121,0.043998,0.042703
1775992179637,32.209431,3.770798,0.999271,0.042703,0.359768
1775992179694,0.000000,-3.770798,0.999395,0.359768,0.169250
1775992179751,0.000000,0.000000,0.999498,0.169250,0.107910
1775992179807,0.000000,0.000000,0.999584,0.107910,0.076030
1775992179863,0.000000,0.000000,0.999655,0.076030,0.059466
1775992179919,0.000000,0.000000,0.999714,0.059466,0.050865
1775992179976,0.000000,0.000000,0.999763,0.050865,0.046402
1775992180032,0.000000,0.000000,0.999803,0.046402,0.044090
1775992180088,33.621651,3.974756,0.999837,0.044090,0.362642
1775992180146,27.579473,-0.135801,0.999865,0.362642,0.487189
1775992180203,0.000000,-3.766840,0.999888,0.487189,0.235647
1775992180259,0.000000,0.000000,0.999907,0.235647,0.142518
1775992180315,0.000000,0.000000,0.999923,0.142518,0.094094
1775992180371,0.000000,0.000000,0.999936,0.094094,0.068916
1775992180426,0.000000,0.000000,0.999947,0.068916,0.055826
1775992180483,0.000000,0.000000,0.999956,0.055826,0.049021
1775992180539,0.000000,0.000000,0.999964,0.049021,0.045483
1775992180595,0.000000,0.000000,0.999970,0.045483,0.043645
1775992180651,32.854351,3.871549,0.999975,0.043645,0.361406
1775992180708,0.000000,-3.803627,0.999979,0.361406,0.169891
1775992180764,0.000000,0.000000,0.999983,0.169891,0.108340
1775992180821,0.000000,0.000000,0.999986,0.108340,0.076334
1775992180876,33.735794,3.957666,0.999988,0.076334,0.379268
1775992180933,28.954222,-0.073217,0.999990,0.379268,0.496485
1775992180990,0.000000,-3.745584,0.999992,0.496485,0.240715
1775992181047,0.000000,0.000000,0.999993,0.240715,0.145170
1775992181103,0.000000,0.000000,0.999995,0.145170,0.095487
1775992181158,33.238636,3.941232,0.999995,0.095487,0.389065
1775992181214,0.000000,-3.870853,0.999996,0.389065,0.183604
1775992181272,0.000000,0.000000,0.999997,0.183604,0.115474
1775992181328,0.000000,0.000000,0.999997,0.115474,0.080046
1775992181384,0.000000,0.000000,0.999998,0.080046,0.061623
1775992181439,0.000000,0.000000,0.999998,0.061623,0.052044
1775992181495,0.000000,0.000000,0.999998,0.052044,0.047062
1775992181552,0.000000,0.000000,0.999999,0.047062,0.044472
1775992181609,0.000000,0.000000,0.999999,0.044472,0.043125
1775992181666,32.277962,3.803727,0.999999,0.043125,0.360462
1775992181722,0.000000,-3.871651,0.999999,0.360462,0.168724
1775992181778,0.000000,0.000000,1.000000,0.168724,0.107736
1775992181834,0.000000,0.000000,1.000000,0.107736,0.076023
1775992181890,0.000000,0.000000,1.000000,0.076023,0.059532
1775992181948,0.000000,0.000000,1.000000,0.059532,0.050956
1775992182005,0.000000,0.000000,1.000000,0.050956,0.046497
1775992182061,33.203125,3.878284,1.000000,0.046497,0.362961
1775992182119,28.488686,-0.052440,1.000000,0.362961,0.488215
1775992182175,0.000000,-3.823971,1.000000,0.488215,0.235632
1775992182230,0.000000,0.000000,1.000000,0.235632,0.142529
1775992182286,0.000000,0.000000,1.000000,0.142529,0.094115
1775992182342,31.598772,3.861632,1.000000,0.094115,0.387556
1775992182397,0.000000,-3.931843,1.000000,0.387556,0.182211
1775992182453,0.000000,0.000000,1.000000,0.182211,0.114750
1775992182509,0.000000,0.000000,1.000000,0.114750,0.079670
1775992182565,0.000000,0.000000,1.000000,0.079670,0.061428
1775992182622,31.866776,3.778079,1.000000,0.061428,0.369723
1775992182678,0.000000,-3.845545,1.000000,0.369723,0.173801
1775992182732,33.311630,4.034706,1.000000,0.173801,0.430723
1775992182788,0.000000,-3.890609,1.000000,0.430723,0.205070
1775992182846,0.000000,0.000000,1.000000,0.205070,0.126636
1775992182901,0.000000,0.000000,1.000000,0.126636,0.085851
1775992182957,32.331192,3.851490,1.000000,0.085851,0.383157
1775992183012,0.000000,-3.921517,1.000000,0.383157,0.180027
1775992183069,0.000000,0.000000,1.000000,0.180027,0.113614
1775992183126,0.000000,0.000000,1.000000,0.113614,0.079079
1775992183181,0.000000,0.000000,1.000000,0.079079,0.061121
1775992183237,33.168247,3.886362,1.000000,0.061121,0.370647
1775992183294,28.919956,-0.054462,0.999310,0.370647,0.492054
1775992183351,0.000000,-3.763718,0.999427,0.492054,0.238116
1775992183408,29.331141,3.824775,0.997828,0.238116,0.461634
1775992183464,27.587891,-0.083077,0.979186,0.461634,0.535056
1775992183521,23.129112,0.002842,0.970872,0.535056,0.562272
1775992183578,30.633224,0.063562,0.956136,0.562272,0.584244
1775992183636,53.172146,2.302342,0.945529,0.584244,0.615936
1775992183693,0.000000,-6.152294,0.953165,0.615936,0.269397
1775992183750,0.000000,0.000000,0.959912,0.269397,0.152069
1775992183807,0.000000,0.000000,0.965824,0.152069,0.092241
1775992183864,30.907347,3.789108,0.970967,0.092241,0.380050
1775992183921,0.000000,-3.789108,0.975412,0.380050,0.174817
1775992183977,26.715960,3.852577,0.978069,0.174817,0.425044
1775992184033,28.529575,0.005593,0.977580,0.425044,0.516595
1775992184090,0.000000,-3.790483,0.981090,0.516595,0.246943
1775992184147,37.246437,5.029216,0.977111,0.246943,0.474124
1775992184203,0.000000,-5.092794,0.980689,0.474124,0.211755
1775992184260,0.000000,-0.021997,0.983744,0.211755,0.126641
1775992184316,0.000000,-0.003173,0.986342,0.126641,0.083090
1775992184373,31.352797,3.772789,0.988545,0.083090,0.378644
1775992184429,0.000000,-3.840803,0.990407,0.378644,0.176568
1775992184486,0.000000,-0.000019,0.991977,0.176568,0.110211
1775992184541,0.000000,-0.000004,0.993298,0.110211,0.075969
1775992184598,32.483551,3.847537,0.994407,0.075969,0.376861
1775992184654,0.000000,-3.916244,0.995336,0.376861,0.175872
1775992184710,0.000000,-0.000000,0.996114,0.175872,0.110676
1775992184766,0.000000,-0.000000,0.996765,0.110676,0.076905
1775992184823,0.000000,-0.000000,0.997308,0.076905,0.059452
1775992184880,0.000000,-0.000000,0.997761,0.059452,0.050467
1775992184936,0.000000,-0.000000,0.998139,0.050467,0.045871
1775992184992,0.000000,-0.000000,0.998453,0.045871,0.043543
1775992185049,0.000000,-0.000000,0.998715,0.043543,0.042386
1775992185105,0.000000,-0.000000,0.998933,0.042386,0.041827
1775992185165,30.826824,3.595723,0.999115,0.041827,0.357530
1775992185221,29.645647,-0.045335,0.999265,0.357530,0.485315
1775992185276,0.000000,-3.876448,0.999390,0.485315,0.233478
1775992185332,30.203682,3.900667,0.999294,0.233478,0.460274
1775992185388,0.000000,-3.900667,0.999414,0.460274,0.220219
1775992185444,0.000000,0.000000,0.999514,0.220219,0.134417
1775992185500,0.000000,0.000000,0.999597,0.134417,0.089816
1775992185556,0.000000,0.000000,0.999666,0.089816,0.066638
1775992185612,0.000000,0.000000,0.999723,0.066638,0.054596
1775992185669,0.000000,0.000000,0.999770,0.054596,0.048344
1775992185724,0.000000,0.000000,0.999810,0.048344,0.045101
1775992185782,0.000000,0.000000,0.999842,0.045101,0.043421
1775992185838,32.470703,3.829255,0.999869,0.043421,0.360845
1775992185894,0.000000,-3.829255,0.999892,0.360845,0.169325
1775992185951,31.489857,3.845143,0.999910,0.169325,0.426483
1775992186007,0.000000,-3.913806,0.999926,0.426483,0.202618
1775992186063,32.540455,3.981729,0.999938,0.202618,0.445166
1775992186118,27.982954,-0.099763,0.997036,0.445166,0.529896
1775992186175,26.487116,-0.032965,0.979786,0.529896,0.571173
1775992186231,0.000000,-3.850194,0.982974,0.571173,0.275103
1775992186287,0.000000,0.000000,0.985688,0.275103,0.160191
1775992186343,0.000000,0.000000,0.987992,0.160191,0.100898
1775992186399,0.000000,0.000000,0.989940,0.100898,0.070455
1775992186454,0.000000,0.000000,0.991584,0.070455,0.054953
1775992186509,0.000000,0.000000,0.992967,0.054953,0.047169
1775992186565,0.000000,0.000000,0.994129,0.047169,0.043354
1775992186621,0.000000,0.000000,0.995104,0.043354,0.041565
1775992186677,33.203125,3.877999,0.995920,0.041565,0.359578
1775992186734,0.000000,-3.809964,0.996602,0.359578,0.168201
1775992186791,0.000000,0.000000,0.997172,0.168201,0.106899
1775992186848,0.000000,0.000000,0.997648,0.106899,0.075117
1775992186904,0.000000,0.000000,0.998045,0.075117,0.058670
1775992186960,0.000000,0.000000,0.998375,0.058670,0.050183
1775992187016,0.000000,0.000000,0.998650,0.050183,0.045825
1775992187072,0.000000,0.000000,0.998879,0.045825,0.043605
1775992187127,33.061081,3.898907,0.999069,0.043605,0.361477
1775992187184,28.166119,0.031117,0.999228,0.361477,0.488125
1775992187240,24.135044,-0.019573,0.999359,0.488125,0.553501
1775992187297,27.891996,0.179770,0.995817,0.553501,0.588782
1775992187353,0.000000,-4.024364,0.996517,0.588782,0.285226
1775992187410,0.000000,0.000000,0.997101,0.285226,0.167738
1775992187467,0.000000,0.000000,0.997589,0.167738,0.106741
1775992187524,0.000000,0.000000,0.997995,0.106741,0.075105
1775992187580,0.000000,0.000000,0.998334,0.075105,0.058721
1775992187636,0.000000,0.000000,0.998616,0.058721,0.050258
1775992187692,0.000000,0.000000,0.998851,0.050258,0.045904
1775992187748,0.000000,0.000000,0.999046,0.045904,0.043679
1775992187805,0.000000,0.000000,0.999208,0.043679,0.042555
1775992187862,0.000000,0.000000,0.999343,0.042555,0.041997
1775992187918,0.000000,0.000000,0.999455,0.041997,0.041729
1775992187974,0.000000,0.000000,0.999548,0.041729,0.041609
1775992188031,0.000000,0.000000,0.999625,0.041609,0.041562
1775992188087,0.000000,0.000000,0.999689,0.041562,0.041550
1775992188143,32.470703,3.829291,0.999742,0.041550,0.359847
1775992188200,28.166119,0.031507,0.999786,0.359847,0.487393
1775992188257,0.000000,-3.793617,0.999823,0.487393,0.235473
1775992188314,0.000000,0.000000,0.999853,0.235473,0.142416
1775992188371,0.000000,0.000000,0.999878,0.142416,0.094032
1775992188429,31.047953,3.814229,0.999899,0.094032,0.387019
1775992188486,28.919956,-0.117901,0.999916,0.387019,0.500054
1775992188544,27.074354,0.003529,0.999336,0.500054,0.559931
1775992188601,0.000000,-3.766835,0.999449,0.559931,0.273385
1775992188658,41.769463,5.747150,0.993332,0.273385,0.498298
1775992188715,0.000000,-5.720615,0.994435,0.498298,0.220796
1775992188771,28.948101,3.894501,0.983969,0.220796,0.450553
1775992188827,0.000000,-3.921051,0.986534,0.450553,0.212384
1775992188883,0.000000,-0.000394,0.988708,0.212384,0.128177
1775992188941,0.000000,-0.000051,0.990545,0.128177,0.084761
1775992188997,31.668526,3.844043,0.992094,0.084761,0.380935
1775992189053,0.000000,-3.844055,0.993396,0.380935,0.178325
1775992189109,0.000000,-0.000000,0.994489,0.178325,0.111627
1775992189165,38.992744,5.127525,0.995405,0.111627,0.408402
1775992189221,0.000000,-5.101641,0.996172,0.408402,0.180587
1775992189276,0.000000,-0.022582,0.996813,0.180587,0.113042
1775992189331,0.000000,-0.003093,0.997348,0.113042,0.078221
1775992189388,0.000000,-0.000533,0.997795,0.078221,0.060228
1775992189443,0.000000,-0.000104,0.998167,0.060228,0.050951
1775992189499,0.000000,-0.000019,0.998477,0.050951,0.046190
1775992189555,0.000000,-0.000004,0.998735,0.046190,0.043766
1775992189611,0.000000,-0.000001,0.998950,0.043766,0.042548
1775992189668,0.000000,-0.000000,0.999128,0.042548,0.041951
1775992189725,32.620613,3.810280,0.999276,0.041951,0.359772
1775992189782,0.000000,-3.810280,0.999400,0.359772,0.168859
1775992189839,31.112938,3.788979,0.999502,0.168859,0.425597
1775992189895,0.000000,-3.856639,0.999587,0.425597,0.202661
1775992189952,30.667488,3.860891,0.999657,0.202661,0.443924
1775992190009,0.000000,-3.860891,0.999716,0.443924,0.212175
1775992190066,30.359100,3.816055,0.999427,0.212175,0.448377
1775992190122,26.925222,-0.055025,0.991564,0.448377,0.530919
1775992190180,23.403826,0.142608,0.972757,0.530919,0.565100
1775992190236,27.134485,-0.187328,0.951741,0.565100,0.582327
1775992190295,0.000000,-3.596859,0.958657,0.582327,0.278573
1775992190352,0.000000,-0.000000,0.964727,0.278573,0.157803
1775992190407,0.000000,-0.000000,0.970015,0.157803,0.096061
1775992190464,0.000000,-0.000000,0.974591,0.096061,0.064870
1775992190521,0.000000,-0.000000,0.978529,0.064870,0.049438
1775992190577,0.000000,-0.000000,0.981901,0.049438,0.042088
1775992190634,32.175163,3.832923,0.984776,0.042088,0.357170
1775992190690,0.000000,-3.901368,0.987218,0.357170,0.164158
1775992190746,0.000000,0.000000,0.989286,0.164158,0.103219
1775992190803,0.000000,0.000000,0.991032,0.103219,0.071881
1775992190859,0.000000,0.000000,0.992503,0.071881,0.055879
1775992190915,0.000000,0.000000,0.993740,0.055879,0.047805
1775992190973,0.000000,0.000000,0.994777,0.047805,0.043814
1775992191029,41.155132,5.521332,0.995647,0.043814,0.377126
1775992191085,0.000000,-5.451263,0.996374,0.377126,0.160868
1775992191142,31.181469,3.730058,0.996982,0.160868,0.420348
1775992191198,0.000000,-3.865090,0.997489,0.420348,0.199428
1775992191256,0.000000,-0.001289,0.997912,0.199428,0.123272
1775992191313,0.000000,-0.000247,0.998265,0.123272,0.083752
1775992191370,32.449287,3.834697,0.998558,0.083752,0.381610
1775992191427,28.988487,-0.080984,0.998508,0.381610,0.497329
1775992191483,0.000000,-3.820801,0.998760,0.497329,0.240155
1775992191539,0.000000,0.000000,0.998971,0.240155,0.144675
1775992191594,0.000000,0.000000,0.999146,0.144675,0.095060
1775992191650,0.000000,0.000000,0.999291,0.095060,0.069289
1775992191705,0.000000,0.000000,0.999412,0.069289,0.055913
1775992191761,0.000000,0.000000,0.999512,0.055913,0.048977
1775992191816,0.000000,0.000000,0.999595,0.048977,0.045387
1775992191873,0.000000,0.000000,0.999664,0.045387,0.043534
1775992191929,0.000000,0.000000,0.999722,0.043534,0.042582
1775992191986,0.000000,0.000000,0.999769,0.042582,0.042097
1775992192042,0.000000,0.000000,0.999809,0.042097,0.041852
1775992192098,0.000000,0.000000,0.999841,0.041852,0.041731
1775992192154,0.000000,0.000000,0.999869,0.041731,0.041674
1775992192211,0.000000,0.000000,0.999891,0.041674,0.041649
1775992192268,0.000000,0.000000,0.999910,0.041649,0.041639
1775992192323,0.000000,0.000000,0.999925,0.041639,0.041637
1775992192379,33.621651,3.974761,0.999938,0.041637,0.361387
1775992192435,0.000000,-3.974761,0.999949,0.361387,0.168163
1775992192493,0.000000,0.000000,0.999957,0.168163,0.107436
1775992192553,0.000000,0.000000,0.999965,0.107436,0.075860
1775992192609,0.000000,0.000000,0.999971,0.075860,0.059441
1775992192665,0.000000,0.000000,0.999976,0.059441,0.050905
1775992192723,0.000000,0.000000,0.999980,0.050905,0.046466
1775992192778,0.000000,0.000000,0.999983,0.046466,0.044159
1775992192833,0.000000,0.000000,0.999986,0.044159,0.042960
1775992192888,0.000000,0.000000,0.999989,0.042960,0.042337
1775992192943,0.000000,0.000000,0.999990,0.042337,0.042013
1775992192998,0.000000,0.000000,0.999992,0.042013,0.041845
1775992193054,0.000000,0.000000,0.999993,0.041845,0.041758
1775992193110,0.000000,0.000000,0.999995,0.041758,0.041713
1775992193166,0.000000,0.000000,0.999996,0.041713,0.041690
1775992193222,33.203125,3.878332,0.999996,0.041690,0.360461
1775992193278,0.000000,-3.878332,0.999997,0.360461,0.168656
1775992193334,0.000000,0.000000,0.999997,0.168656,0.107701
1775992193391,32.038101,3.806038,0.999998,0.107701,0.394064
1775992193449,30.273438,0.065204,0.999998,0.394064,0.505565
1775992193506,0.000000,-3.872386,0.999999,0.505565,0.244170
1775992193562,0.000000,0.000000,0.999999,0.244170,0.146968
1775992193619,0.000000,0.000000,0.999999,0.146968,0.096423
1775992193676,86.211624,6.933272,0.999999,0.096423,0.419473
1775992193732,0.000000,-7.057081,0.999999,0.419473,0.167555
1775992193788,0.000000,0.000000,0.999999,0.167555,0.107128
1775992193844,0.000000,0.000000,1.000000,0.107128,0.075707
1775992193900,38.364956,5.026943,1.000000,0.075707,0.389637
1775992193957,0.000000,-4.907076,1.000000,0.389637,0.173540
1775992194013,0.000000,-0.028465,1.000000,0.173540,0.109956
1775992194070,0.000000,-0.003370,1.000000,0.109956,0.077143
1775992194126,39.794922,5.164716,1.000000,0.077143,0.391762
1775992194182,0.000000,-5.120846,1.000000,0.391762,0.172508
1775992194238,0.000000,-0.036410,1.000000,0.172508,0.109340
1775992194294,30.936104,3.855263,1.000000,0.109340,0.395409
1775992194350,0.000000,-3.862946,1.000000,0.395409,0.186983
1775992194407,0.000000,-0.000098,1.000000,0.186983,0.117230
1775992194463,0.000000,-0.000019,1.000000,0.117230,0.080960
1775992194519,0.000000,-0.000004,1.000000,0.080960,0.062099
1775992194575,0.000000,-0.000001,1.000000,0.062099,0.052291
1775992194631,32.784595,3.837874,1.000000,0.052291,0.365570
1775992194688,31.729715,0.033500,1.000000,0.365570,0.490432
1775992194745,0.000000,-3.804043,1.000000,0.490432,0.236984
1775992194803,0.000000,0.000000,1.000000,0.236984,0.143232
1775992194860,31.695450,3.772365,0.999826,0.143232,0.412169
1775992194916,0.000000,-3.839729,0.999856,0.412169,0.195902
1775992194973,0.000000,0.000000,0.999880,0.195902,0.121845
1775992195030,0.000000,0.000000,0.999901,0.121845,0.083340
1775992195087,0.000000,0.000000,0.999918,0.083340,0.063320
1775992195144,32.380756,3.801558,0.999932,0.063320,0.370928
1775992195200,0.000000,-3.869443,0.999944,0.370928,0.174177
1775992195257,0.000000,0.000000,0.999953,0.174177,0.110563
1775992195313,0.000000,0.000000,0.999961,0.110563,0.077485
1775992195370,0.000000,0.000000,0.999968,0.077485,0.060286
1775992195426,0.000000,0.000000,0.999973,0.060286,0.051343
1775992195483,0.000000,0.000000,0.999978,0.051343,0.046694
1775992195539,0.000000,0.000000,0.999982,0.046694,0.044277
1775992195595,0.000000,0.000000,0.999985,0.044277,0.043021
1775992195652,32.449287,3.784661,0.999987,0.043021,0.360215
1775992195708,24.135044,0.080313,0.999990,0.360215,0.488113
1775992195765,0.000000,-3.863564,0.999991,0.488113,0.235181
1775992195821,31.529016,3.865382,0.999750,0.235181,0.460898
1775992195878,0.000000,-3.797568,0.999793,0.460898,0.221650
1775992195934,0.000000,0.000000,0.999829,0.221650,0.135224
1775992195990,0.000000,0.000000,0.999858,0.135224,0.090288
1775992196046,0.000000,0.000000,0.999882,0.090288,0.066926
1775992196102,0.000000,0.000000,0.999903,0.066926,0.054782
1775992196159,32.209431,3.770633,0.999919,0.054782,0.366177
1775992196215,0.000000,-3.837966,0.999933,0.366177,0.172019
1775992196271,0.000000,0.000000,0.999944,0.172019,0.109439
1775992196329,31.856144,3.749551,0.999954,0.109439,0.394394
1775992196385,0.000000,-3.883464,0.999962,0.394394,0.186243
1775992196443,0.000000,0.000000,0.999968,0.186243,0.116840
1775992196498,0.000000,0.000000,0.999974,0.116840,0.080752
1775992196555,31.798246,3.786602,0.999978,0.080752,0.379852
1775992196611,0.000000,-3.854219,0.999982,0.379852,0.178977
1775992196667,30.412945,3.897334,0.999985,0.178977,0.432039
1775992196724,0.000000,-3.828960,0.999988,0.432039,0.206368
1775992196780,29.610769,3.851797,0.999388,0.206368,0.445707
1775992196838,0.000000,-3.718977,0.999492,0.445707,0.214476
1775992196894,32.017300,3.910199,0.996669,0.214476,0.449963
1775992196950,27.553013,-0.110775,0.977516,0.449963,0.528376
1775992197007,0.000000,-3.732768,0.981037,0.528376,0.253635
1775992197063,29.854910,3.925624,0.978105,0.253635,0.466768
1775992197120,22.032621,0.044150,0.961635,0.466768,0.512535
1775992197177,36.698193,1.198250,0.952491,0.512535,0.568999
1775992197233,24.658203,-1.309359,0.932389,0.568999,0.569264
1775992197289,0.000000,-3.880851,0.941409,0.569264,0.265490
1775992197345,0.000000,0.000000,0.949498,0.265490,0.147954
1775992197401,0.000000,0.000000,0.956678,0.147954,0.088272
1775992197458,0.000000,0.000000,0.962996,0.088272,0.058501
1775992197515,32.483551,3.845146,0.968510,0.058501,0.362574
1775992197573,21.585400,0.011319,0.968768,0.362574,0.454235
1775992197630,0.000000,-3.856664,0.973515,0.454235,0.212338
1775992197687,0.000000,0.000000,0.977604,0.212338,0.125937
1775992197744,31.695450,3.762275,0.979965,0.125937,0.399103
1775992197800,0.000000,-3.829459,0.983127,0.399103,0.185864
1775992197858,30.711208,3.787955,0.978931,0.185864,0.430315
1775992197914,0.000000,-3.923239,0.982244,0.430315,0.200980
1775992197970,0.000000,0.000000,0.985068,0.200980,0.121523
1775992198027,31.421328,3.782281,0.987466,0.121523,0.398508
1775992198084,0.000000,-3.782281,0.989496,0.398508,0.187301
1775992198141,0.000000,0.000000,0.991209,0.187301,0.115638
1775992198197,0.000000,0.000000,0.992652,0.115638,0.078662
1775992198253,0.000000,0.000000,0.993865,0.078662,0.059677
1775992198309,0.000000,0.000000,0.994882,0.059677,0.050009
1775992198366,0.000000,0.000000,0.995734,0.050009,0.045151
1775992198422,33.203125,3.878165,0.996447,0.045151,0.361550
1775992198479,28.988487,-0.053775,0.996601,0.361550,0.486788
1775992198535,28.076172,-0.002135,0.989619,0.486788,0.551032
1775992198593,0.000000,-3.689526,0.991313,0.551032,0.267904
1775992198650,58.696545,6.326572,0.985751,0.267904,0.499726
1775992198707,22.546600,-2.692274,0.980434,0.499726,0.512065
1775992198763,0.000000,-3.699196,0.983528,0.512065,0.245988
1775992198819,32.226562,3.922837,0.979645,0.245988,0.463071
1775992198876,0.000000,-3.854015,0.982854,0.463071,0.218828
1775992198933,0.000000,0.000000,0.985587,0.218828,0.130908
1775992198989,32.226562,3.826327,0.986937,0.130908,0.403723
1775992199045,27.936663,0.034552,0.971590,0.403723,0.504599
1775992199101,24.204798,-0.035916,0.950744,0.504599,0.552181
1775992199158,31.763981,1.180974,0.927696,0.552181,0.584483
1775992199214,0.000000,-5.004771,0.937166,0.584483,0.261317
1775992199271,30.153509,3.820544,0.936032,0.261317,0.461296
1775992199327,0.000000,-3.910230,0.944686,0.461296,0.209709
1775992199383,0.000000,-0.000642,0.952415,0.209709,0.119525
1775992199439,0.000000,-0.000121,0.959251,0.119525,0.074002
1775992199495,0.000000,-0.000023,0.965246,0.074002,0.051530
1775992199552,0.000000,-0.000004,0.970465,0.051530,0.040889
1775992199608,0.000000,-0.000001,0.974979,0.040889,0.036258
1775992199665,31.901041,3.761775,0.978862,0.036258,0.352244
1775992199721,0.000000,-3.828949,0.982185,0.352244,0.161315
1775992199777,31.180244,3.965399,0.985018,0.161315,0.420541
1775992199833,0.000000,-3.965399,0.987423,0.420541,0.196512
1775992199890,31.455591,3.843261,0.989460,0.196512,0.438511
1775992199949,0.000000,-3.712981,0.991179,0.438511,0.209132
1775992200007,0.000000,-0.000000,0.992627,0.209132,0.127274
1775992200062,32.812500,3.891468,0.993229,0.127274,0.403743
1775992200117,22.230114,0.075269,0.979923,0.403743,0.486035
1775992200171,28.862846,-0.113905,0.965964,0.486035,0.544792
1775992200226,0.000000,-3.854902,0.971088,0.544792,0.258960
1775992200282,0.000000,0.000000,0.975516,0.258960,0.149763
1775992200338,0.000000,0.000000,0.979323,0.149763,0.093741
1775992200394,32.400948,3.916296,0.982579,0.093741,0.384424
1775992200451,0.000000,-3.847589,0.985353,0.384424,0.178495
1775992200508,0.000000,0.000000,0.987707,0.178495,0.110359
1775992200564,0.000000,0.000000,0.989699,0.110359,0.075327
1775992200619,0.000000,0.000000,0.991381,0.075327,0.057446
1775992200675,0.000000,0.000000,0.992797,0.057446,0.048431
1775992200732,32.483551,3.836213,0.993986,0.048431,0.362344
1775992200789,21.964090,0.009092,0.994984,0.362344,0.463754
1775992200846,0.000000,-3.845305,0.995819,0.463754,0.221863
1775992200904,0.000000,0.000000,0.996518,0.221863,0.134672
1775992200961,0.000000,0.000000,0.997102,0.134672,0.089450
1775992201018,0.000000,0.000000,0.997589,0.089450,0.066032
1775992201075,0.000000,0.000000,0.997996,0.066032,0.053936
1775992201132,0.000000,0.000000,0.998334,0.053936,0.047713
1775992201189,0.000000,0.000000,0.998616,0.047713,0.044534
1775992201245,0.000000,0.000000,0.998851,0.044534,0.042928
1775992201303,31.687771,3.744618,0.999046,0.042928,0.359578
1775992201360,0.000000,-3.810313,0.999208,0.359578,0.168719
1775992201418,0.000000,0.000000,0.999343,0.168719,0.107602
1775992201475,32.415024,3.819960,0.999455,0.107602,0.394044
1775992201532,28.954222,-0.055063,0.999548,0.394044,0.504262
1775992201588,22.251673,0.056063,0.997606,0.504262,0.541901
1775992201645,27.617872,0.072163,0.982799,0.541901,0.579070
1775992201702,0.000000,-3.892138,0.985540,0.579070,0.279303
1775992201759,30.907347,3.838346,0.981496,0.279303,0.479920
1775992201816,0.000000,-3.838346,0.984432,0.479920,0.228062
1775992201873,0.000000,0.000000,0.986928,0.228062,0.135978
1775992201929,0.000000,0.000000,0.989041,0.135978,0.088517
1775992201986,0.000000,0.000000,0.990826,0.088517,0.064194
1775992202042,0.000000,0.000000,0.992330,0.064194,0.051847
1775992202098,0.000000,0.000000,0.993595,0.051847,0.045679
1775992202155,61.951756,6.040896,0.994656,0.045679,0.383093
1775992202211,0.000000,-6.127763,0.995545,0.383093,0.157040
1775992202268,30.153509,3.792238,0.996289,0.157040,0.418841
1775992202325,26.315790,-0.102696,0.996911,0.418841,0.516153
1775992202381,0.000000,-3.776307,0.997430,0.516153,0.250122
1775992202437,0.000000,-0.000102,0.997863,0.250122,0.149635
1775992202494,31.455591,3.862555,0.997487,0.149635,0.415933
1775992202550,0.000000,-3.931551,0.997911,0.415933,0.196552
1775992202606,0.000000,-0.000001,0.998263,0.196552,0.121860
1775992202663,32.072369,3.827011,0.998557,0.121860,0.401349
1775992202719,0.000000,-3.895351,0.998802,0.401349,0.189508
1775992202775,0.000000,0.000000,0.999005,0.189508,0.118345
1775992202832,32.243694,3.848219,0.998640,0.118345,0.399750
1775992202888,0.000000,-3.916938,0.998870,0.399750,0.188474
1775992202944,0.000000,0.000000,0.999062,0.188474,0.117819
1775992203001,0.000000,0.000000,0.999222,0.117819,0.081110
1775992203057,0.000000,0.000000,0.999354,0.081110,0.062048
1775992203113,32.470703,3.826918,0.999464,0.062048,0.370427
1775992203169,28.564453,-0.040120,0.998774,0.370427,0.491976
1775992203226,0.000000,-3.720363,0.998982,0.491976,0.238420
1775992203282,0.000000,0.000000,0.999155,0.238420,0.143809
1775992203338,0.000000,0.000000,0.999299,0.143809,0.094641
1775992203396,0.000000,0.000000,0.999418,0.094641,0.069097
1775992203453,32.620613,3.803814,0.999517,0.069097,0.373872
1775992203510,28.988487,-0.051903,0.998360,0.373872,0.493566
1775992203566,0.000000,-3.818910,0.998637,0.493566,0.238193
1775992203623,29.810856,3.832715,0.995491,0.238193,0.461286
1775992203678,27.450285,-0.043335,0.966708,0.461286,0.532777
1775992203736,26.535561,-0.009074,0.953077,0.532777,0.567569
1775992203792,24.100166,-0.049041,0.937143,0.567569,0.582074
1775992203848,0.000000,-3.800158,0.945685,0.582074,0.273814
1775992203905,0.000000,0.000000,0.953303,0.273814,0.153044
1775992203961,0.000000,0.000000,0.960034,0.153044,0.091589
1775992204017,31.703403,3.839397,0.965930,0.091589,0.379206
1775992204073,0.000000,-3.839397,0.971059,0.379206,0.173005
1775992204128,58.522728,6.246169,0.975492,0.173005,0.447523
1775992204185,23.814419,-2.404550,0.969519,0.447523,0.500405
1775992204241,0.000000,-3.683603,0.974163,0.500405,0.238207
1775992204297,0.000000,-0.002872,0.978162,0.238207,0.139471
1775992204355,31.788794,3.816048,0.979443,0.139471,0.406574
1775992204411,0.000000,-3.952979,0.982682,0.406574,0.188425
1775992204468,0.000000,-0.000019,0.985440,0.188425,0.115069
1775992204524,0.000000,-0.000004,0.987782,0.115069,0.077392
1775992204581,0.000000,-0.000001,0.989763,0.077392,0.058196
1775992204638,0.000000,-0.000000,0.991434,0.058196,0.048549
1775992204694,32.470703,3.820678,0.992842,0.048549,0.362021
1775992204751,0.000000,-3.753649,0.994024,0.362021,0.169519
1775992204808,0.000000,-0.000000,0.995016,0.169519,0.107153
1775992204864,32.889229,3.904366,0.995846,0.107153,0.393932
1775992204921,0.000000,-3.835868,0.996541,0.393932,0.185794
1775992204978,0.000000,-0.000000,0.997121,0.185794,0.116037
1775992205034,0.000000,-0.000000,0.997605,0.116037,0.079860
1775992205092,31.047953,3.801220,0.998009,0.079860,0.379141
1775992205148,24.030413,0.013999,0.996779,0.379141,0.496649
1775992205206,0.000000,-3.814737,0.997320,0.496649,0.239574
1775992205262,0.000000,-0.000000,0.997771,0.239574,0.144133
1775992205318,32.226562,3.845606,0.998147,0.144133,0.413034
1775992205375,0.000000,-3.778139,0.998460,0.413034,0.196689
1775992205432,0.000000,0.000000,0.998721,0.196689,0.122022
1775992205488,0.000000,0.000000,0.998938,0.122022,0.083239
1775992205544,0.000000,0.000000,0.999118,0.083239,0.063108
1775992205601,0.000000,0.000000,0.999268,0.063108,0.052670
1775992205655,0.000000,0.000000,0.999393,0.052670,0.047267
1775992205712,32.620613,3.810135,0.999496,0.047267,0.362579
1775992205768,0.000000,-3.878173,0.999582,0.362579,0.169676
1775992205825,0.000000,0.000000,0.999654,0.169676,0.108162
1775992205882,30.324835,3.839238,0.999713,0.108162,0.394579
1775992205939,0.000000,-3.839238,0.999762,0.394579,0.186741
1775992205995,0.000000,0.000000,0.999803,0.186741,0.117066
1775992206052,31.729715,3.766293,0.999836,0.117066,0.398504
1775992206108,21.833147,0.077083,0.997966,0.398504,0.482306
1775992206165,0.000000,-3.842023,0.998310,0.482306,0.232041
1775992206221,0.000000,0.000000,0.998596,0.232041,0.140381
1775992206278,0.000000,0.000000,0.998834,0.140381,0.092765
1775992206335,0.000000,0.000000,0.999032,0.092765,0.068044
1775992206392,32.586349,3.817212,0.999196,0.068044,0.373394
1775992206450,28.421337,-0.052714,0.997390,0.373394,0.493116
1775992206506,0.000000,-3.830780,0.997830,0.493116,0.237678
1775992206561,0.000000,0.000000,0.998196,0.237678,0.143232
1775992206617,0.000000,0.000000,0.998501,0.143232,0.094181
1775992206673,32.645088,3.870871,0.998755,0.094181,0.387434
1775992206729,30.691963,0.040371,0.993291,0.387434,0.500527
1775992206786,0.000000,-3.842624,0.994401,0.500527,0.240728
1775992206843,0.000000,0.000000,0.995332,0.240728,0.144245
1775992206899,0.000000,0.000000,0.996110,0.144245,0.094229
1775992206955,0.000000,0.000000,0.996762,0.094229,0.068352
1775992207012,0.000000,0.000000,0.997306,0.068352,0.055004
1775992207068,0.000000,0.000000,0.997759,0.055004,0.048154
1775992207125,32.209431,3.818535,0.998137,0.048154,0.362853
1775992207181,0.000000,-3.886723,0.998452,0.362853,0.169507
1775992207237,30.168804,3.814006,0.998714,0.169507,0.426026
1775992207292,0.000000,-3.883352,0.998932,0.426026,0.202487
1775992207347,0.000000,0.000000,0.999114,0.202487,0.125116
1775992207403,0.000000,0.000000,0.999264,0.125116,0.084913
1775992207459,33.307755,3.954551,0.999390,0.084913,0.383578
1775992207516,0.000000,-3.885173,0.999494,0.383578,0.180508
1775992207572,32.156807,3.873279,0.999397,0.180508,0.432476
1775992207627,57.031250,2.473157,0.996396,0.432476,0.548898
1775992207684,0.000000,-6.191707,0.997001,0.548898,0.242910
1775992207740,28.948101,3.895636,0.993834,0.242910,0.464037
1775992207797,0.000000,-3.827292,0.994857,0.464037,0.221997
1775992207854,0.000000,0.000000,0.995713,0.221997,0.134581
1775992207910,0.000000,0.000000,0.996430,0.134581,0.089268
1775992207966,0.000000,0.000000,0.997028,0.089268,0.065825
1775992208023,31.832512,3.776125,0.997528,0.065825,0.371496
1775992208079,0.000000,-3.843555,0.997944,0.371496,0.174331
1775992208134,32.350853,3.908353,0.998292,0.174331,0.429394
1775992208192,30.879581,0.055452,0.995621,0.429394,0.522964
1775992208248,28.250557,-0.089780,0.964120,0.522964,0.563867
1775992208305,0.000000,-3.739437,0.969489,0.563867,0.269714
1775992208361,26.960100,3.809345,0.967451,0.269714,0.471835
1775992208417,27.762276,0.058433,0.949836,0.471835,0.535906
1775992208474,22.649397,0.061253,0.931566,0.535906,0.549840
1775992208530,27.134485,-0.150291,0.936786,0.549840,0.571771
1775992208587,0.000000,-3.713521,0.945362,0.571771,0.269258
1775992208646,54.919228,6.085846,0.944861,0.269258,0.489845
1775992208702,0.000000,-6.411873,0.952570,0.489845,0.201115
1775992208758,0.000000,0.000000,0.959388,0.201115,0.116457
1775992208815,0.000000,0.000000,0.965366,0.116457,0.073631
1775992208872,30.907347,3.782251,0.970569,0.073631,0.370224
1775992208928,0.000000,-3.849791,0.975069,0.370224,0.169033
1775992208985,0.000000,0.000000,0.978939,0.169033,0.103685
1775992209041,0.000000,0.000000,0.982251,0.103685,0.070366
1775992209096,0.000000,0.000000,0.985074,0.070366,0.053605
1775992209154,38.961479,4.990012,0.987471,0.053605,0.375269
1775992209210,0.000000,-5.121529,0.989500,0.375269,0.161825
1775992209265,32.173294,3.926812,0.990555,0.161825,0.421528
1775992209322,0.000000,-3.833398,0.992102,0.421528,0.199281
1775992209379,0.000000,-0.001246,0.993403,0.199281,0.122294
1775992209435,0.000000,-0.000223,0.994495,0.122294,0.082490
1775992209493,31.586746,3.745182,0.995410,0.082490,0.379428
1775992209549,0.000000,-3.878982,0.996176,0.379428,0.177748
1775992209604,32.421875,3.891393,0.995703,0.177748,0.430484
1775992209661,0.000000,-3.754853,0.996421,0.430484,0.205587
1775992209718,0.000000,0.000000,0.997021,0.205587,0.126310
1775992209774,0.000000,0.000000,0.997522,0.126310,0.085185
1775992209830,0.000000,0.000000,0.997939,0.085185,0.063884
1775992209887,0.000000,0.000000,0.998287,0.063884,0.052877
1775992209944,0.000000,0.000000,0.998577,0.052877,0.047212
1775992209999,0.000000,0.000000,0.998818,0.047212,0.044314
1775992210054,33.061081,3.897475,0.999019,0.044314,0.361822
1775992210108,0.000000,-3.969650,0.999186,0.361822,0.168288
1775992210164,63.476559,7.431446,0.999324,0.168288,0.461689
1775992210218,32.443577,-2.572108,0.999231,0.461689,0.514203
1775992210273,0.000000,-5.023546,0.999362,0.514203,0.237023
1775992210327,0.000000,-0.014605,0.999471,0.237023,0.143000
1775992210382,0.000000,-0.002706,0.999561,0.143000,0.094245
1775992210435,0.000000,-0.000530,0.999636,0.094245,0.068929
1775992210492,0.000000,-0.000093,0.999698,0.068929,0.055782
1775992210548,0.000000,-0.000018,0.999750,0.055782,0.048956
1775992210605,32.586349,3.816363,0.999792,0.048956,0.363579
1775992210661,57.931080,2.457567,0.999515,0.363579,0.513540
1775992210717,0.000000,-6.342083,0.999598,0.513540,0.223540
1775992210772,0.000000,0.000000,0.999667,0.223540,0.136174
1775992210828,0.000000,0.000000,0.999723,0.136174,0.090755
1775992210883,0.000000,0.000000,0.999771,0.090755,0.067147
1775992210939,0.000000,0.000000,0.999810,0.067147,0.054878
1775992210995,33.551895,3.968139,0.999842,0.054878,0.368187
1775992211051,0.000000,-3.968139,0.999870,0.368187,0.171750
1775992211109,0.000000,0.000000,0.999892,0.171750,0.109288
1775992211165,0.000000,0.000000,0.999910,0.109288,0.076812
1775992211222,32.586349,3.804427,0.999926,0.076812,0.377972
1775992211278,0.000000,-3.872363,0.999938,0.377972,0.177809
1775992211335,0.000000,0.000000,0.999949,0.177809,0.112451
1775992211391,0.000000,0.000000,0.999958,0.112451,0.078466
1775992211447,0.000000,0.000000,0.999965,0.078466,0.060795
1775992211503,32.470703,3.827542,0.999971,0.060795,0.369883
1775992211560,0.000000,-3.760392,0.999976,0.369883,0.174730
1775992211615,0.000000,0.000000,0.999980,0.174730,0.110856
1775992211671,0.000000,0.000000,0.999983,0.110856,0.077642
1775992211727,0.000000,0.000000,0.999986,0.077642,0.060371
1775992211783,0.000000,0.000000,0.999989,0.060371,0.051391
1775992211840,0.000000,0.000000,0.999991,0.051391,0.046721
1775992211895,0.000000,0.000000,0.999992,0.046721,0.044293
1775992211952,0.000000,0.000000,0.999994,0.044293,0.043031
1775992212008,0.000000,0.000000,0.999995,0.043031,0.042375
1775992212065,40.433113,5.428847,0.999996,0.042375,0.376323
1775992212121,0.000000,-5.455412,0.999996,0.376323,0.161133
1775992212178,0.000000,-0.057009,0.999997,0.161133,0.103218
1775992212234,0.000000,-0.010021,0.999997,0.103218,0.073573
1775992212290,32.087051,3.842983,0.999998,0.073573,0.376687
1775992212347,0.000000,-3.777771,0.999998,0.376687,0.178099
1775992212403,0.000000,-0.000067,0.999999,0.178099,0.112611
1775992212461,31.755119,3.766776,0.999999,0.112611,0.396225
1775992212518,28.371710,-0.087143,0.999916,0.396225,0.505149
1775992212575,0.000000,-3.745733,0.999931,0.505149,0.245206
1775992212632,29.570997,3.771212,0.999164,0.245206,0.465052
1775992212688,0.000000,-3.838555,0.999306,0.465052,0.223303
1775992212746,26.434538,3.739687,0.995010,0.223303,0.452516
1775992212803,36.287006,1.018263,0.981144,0.452516,0.541720
1775992212860,0.000000,-4.792118,0.984132,0.541720,0.250600
1775992212917,0.000000,-0.025831,0.986672,0.250600,0.147388
1775992212974,31.010143,3.806209,0.988825,0.147388,0.412469
1775992213032,0.000000,-3.746097,0.990643,0.412469,0.195151
1775992213087,0.000000,0.000000,0.992176,0.195151,0.119914
1775992213144,32.346493,3.833088,0.993465,0.119914,0.399379
1775992213202,0.000000,-3.767001,0.994547,0.399379,0.188917
1775992213258,0.000000,0.000000,0.995454,0.188917,0.117327
1775992213316,31.485723,3.731182,0.996213,0.117327,0.397565
1775992213373,0.000000,-3.796641,0.996847,0.397565,0.188137
1775992213431,31.250000,3.794603,0.997377,0.188137,0.435252
1775992213488,29.399672,-0.033839,0.988508,0.435252,0.523694
1775992213545,0.000000,-3.827336,0.990376,0.523694,0.252123
1775992213601,0.000000,0.000000,0.991952,0.252123,0.149494
1775992213658,61.814693,6.208588,0.990358,0.149494,0.437894
1775992213715,23.848684,-1.494447,0.982830,0.437894,0.507561
1775992213773,0.000000,-4.612056,0.985567,0.507561,0.234925
1775992213831,30.677534,3.779921,0.973906,0.234925,0.454741
1775992213889,27.040680,-0.134062,0.953087,0.454741,0.525742
1775992213946,0.000000,-3.730992,0.959843,0.525742,0.248045
1775992214003,0.000000,0.000000,0.965764,0.248045,0.142136
1775992214060,0.000000,0.000000,0.970915,0.142136,0.088094
1775992214117,0.000000,0.000000,0.975367,0.088094,0.060882
1775992214173,40.318081,5.177363,0.979195,0.060882,0.379271
1775992214231,0.000000,-4.953729,0.982469,0.379271,0.164178
1775992214288,0.000000,-0.037495,0.985260,0.164178,0.102049
1775992214344,30.936104,3.858469,0.987628,0.102049,0.389176
1775992214400,0.000000,-3.866894,0.989633,0.389176,0.181629
1775992214456,0.000000,-0.000102,0.991325,0.181629,0.112711
1775992214512,0.000000,-0.000019,0.992749,0.112711,0.077159
1775992214569,32.483551,3.847285,0.993946,0.077159,0.377385
1775992214626,56.606361,2.417549,0.990981,0.377385,0.518612
1775992214682,0.000000,-6.376711,0.992460,0.518612,0.224403
1775992214740,24.313040,3.696451,0.990251,0.224403,0.451704
1775992214796,27.622766,0.026298,0.980191,0.451704,0.531187
1775992214853,0.000000,-3.787138,0.983321,0.531187,0.255010
1775992214909,0.000000,0.000000,0.985984,0.255010,0.149802
1775992214966,0.000000,0.000000,0.988243,0.149802,0.095546
1775992215023,0.000000,0.000000,0.990152,0.095546,0.067714
1775992215079,32.993862,3.885438,0.991763,0.067714,0.372418
1775992215136,80.283714,4.359240,0.991841,0.372418,0.535618
1775992215194,0.000000,-8.035539,0.993184,0.535618,0.216803
1775992215251,29.845121,3.787171,0.990082,0.216803,0.448626
1775992215309,0.000000,-3.721875,0.991704,0.448626,0.214407
1775992215366,0.000000,0.000000,0.993068,0.214407,0.130105
1775992215421,0.000000,0.000000,0.994214,0.130105,0.086498
1775992215477,0.000000,0.000000,0.995175,0.086498,0.064014
1775992215534,0.000000,0.000000,0.995979,0.064014,0.052483
1775992215590,0.000000,0.000000,0.996652,0.052483,0.046622
1775992215647,33.031799,3.902444,0.997214,0.046622,0.362710
1775992215703,0.000000,-3.972131,0.997683,0.362710,0.168425
1775992215759,0.000000,0.000000,0.998074,0.168425,0.107196
1775992215815,33.028736,3.873804,0.998399,0.107196,0.394160
1775992215872,28.714363,-0.057513,0.997205,0.394160,0.503829
1775992215928,0.000000,-3.815264,0.997675,0.503829,0.243373
1775992215984,0.000000,0.000000,0.998067,0.243373,0.146168
1775992216040,0.000000,0.000000,0.998394,0.146168,0.095686
1775992216097,0.000000,0.000000,0.998666,0.095686,0.069490
1775992216154,39.473682,4.972178,0.998892,0.069490,0.385635
1775992216212,25.727371,-1.130815,0.997290,0.385635,0.488680
1775992216269,25.596216,-0.059835,0.988634,0.488680,0.551242
1775992216325,24.414062,-0.047546,0.961737,0.551242,0.578518
1775992216382,0.000000,-3.714978,0.967415,0.578518,0.277162
1775992216439,29.536732,3.811444,0.961351,0.277162,0.474509
1775992216496,0.000000,-3.811444,0.967078,0.474509,0.222046
1775992216553,0.000000,0.000000,0.972053,0.222046,0.129874
1775992216611,0.000000,0.000000,0.976347,0.129874,0.082804
1775992216667,32.714844,3.843841,0.980035,0.082804,0.377503
1775992216725,0.000000,-3.711295,0.983186,0.377503,0.175826
1775992216781,31.808035,3.831169,0.984096,0.175826,0.426560
1775992216838,27.960526,0.029150,0.984114,0.426560,0.518926
1775992216893,0.000000,-3.931037,0.986656,0.518926,0.247862
1775992216950,0.000000,0.000000,0.988811,0.247862,0.146651
1775992217006,31.459263,3.858958,0.988955,0.146651,0.412639
1775992217063,0.000000,-3.791257,0.990753,0.412639,0.194810
1775992217119,0.000000,0.000000,0.992269,0.194810,0.119755
1775992217176,0.000000,0.000000,0.993543,0.119755,0.080981
1775992217233,0.000000,0.000000,0.994612,0.080981,0.061033
1775992217290,32.586349,3.817282,0.995508,0.061033,0.369011
1775992217345,0.000000,-3.956092,0.996258,0.369011,0.171577
1775992217401,0.000000,0.000000,0.996885,0.171577,0.108597
1775992217457,0.000000,0.000000,0.997408,0.108597,0.075952
1775992217514,31.798246,3.786246,0.997845,0.075952,0.376926
1775992217571,27.891996,0.023998,0.996626,0.376926,0.495567
1775992217628,0.000000,-3.810244,0.997192,0.495567,0.239031
1775992217685,0.000000,0.000000,0.997664,0.239031,0.143829
1775992217743,0.000000,0.000000,0.998058,0.143829,0.094403
1775992217800,0.000000,0.000000,0.998386,0.094403,0.068767
1775992217856,32.331192,3.852259,0.998660,0.068767,0.374013
1775992217911,0.000000,-3.922300,0.998887,0.374013,0.175041
1775992217969,0.000000,0.000000,0.999076,0.175041,0.110837
1775992218027,31.755119,3.768519,0.999233,0.110837,0.395167
1775992218084,0.000000,-3.834633,0.999363,0.395167,0.187013
1775992218141,0.000000,0.000000,0.999472,0.187013,0.117141
1775992218197,0.000000,0.000000,0.999562,0.117141,0.080826
1775992218253,32.366070,3.848408,0.999637,0.080826,0.380441
1775992218309,28.424944,0.021140,0.996326,0.380441,0.497306
1775992218366,0.000000,-3.801662,0.996941,0.497306,0.239971
1775992218422,27.448381,3.919340,0.991644,0.239971,0.462307
1775992218480,0.000000,-3.784191,0.993019,0.462307,0.221161
1775992218538,30.273438,3.744468,0.982408,0.221161,0.448930
1775992218596,25.895744,-0.068771,0.974304,0.448930,0.527617
1775992218653,27.103893,0.051899,0.949282,0.527617,0.564736
1775992218712,25.258209,-0.003791,0.943440,0.564736,0.582313
1775992218768,27.239117,-0.008508,0.929088,0.582313,0.588535
1775992218826,0.000000,-3.714631,0.938428,0.588535,0.276578
1775992218881,0.000000,0.000000,0.946835,0.276578,0.153187
1775992218937,0.000000,0.000000,0.954323,0.153187,0.090522
1775992218995,0.000000,0.000000,0.960930,0.090522,0.059258
1775992219051,0.000000,0.000000,0.966712,0.059258,0.044156
1775992219108,0.000000,0.000000,0.971736,0.044156,0.037309
1775992219164,63.058033,6.148266,0.976075,0.037309,0.376098
1775992219220,0.000000,-6.127262,0.979802,0.376098,0.150259
1775992219276,0.000000,-0.017042,0.982988,0.150259,0.094562
1775992219332,0.000000,-0.003215,0.985700,0.094562,0.066280
1775992219390,0.000000,-0.000585,0.988001,0.066280,0.052060
1775992219446,0.000000,-0.000114,0.989948,0.052060,0.045060
1775992219502,0.000000,-0.000022,0.991590,0.045060,0.041749
1775992219558,0.000000,-0.000004,0.992973,0.041749,0.040304
1775992219615,0.000000,-0.000001,0.994134,0.040304,0.039785
1775992219671,32.784595,3.838178,0.995108,0.039785,0.358091
1775992219728,0.000000,-3.770842,0.995923,0.358091,0.167684
1775992219784,0.000000,0.000000,0.996605,0.167684,0.106517
1775992219840,0.000000,0.000000,0.997175,0.106517,0.074824
1775992219896,0.000000,0.000000,0.997650,0.074824,0.058438
1775992219952,33.586773,3.983928,0.998046,0.058438,0.369836
1775992220009,0.000000,-3.914035,0.998376,0.369836,0.172850
1775992220066,31.592653,3.804983,0.998651,0.172850,0.427662
1775992220123,23.403234,0.079064,0.998595,0.427662,0.515932
1775992220178,0.000000,-4.025285,0.998833,0.515932,0.247798
1775992220235,0.000000,0.000000,0.999031,0.247798,0.148661
1775992220291,32.226562,3.837032,0.999196,0.148661,0.415513
1775992220346,0.000000,-3.906796,0.999333,0.415513,0.196866
1775992220402,0.000000,0.000000,0.999446,0.196866,0.122259
1775992220458,0.000000,0.000000,0.999541,0.122259,0.083483
1775992220514,33.063614,3.910938,0.999619,0.083483,0.382444
1775992220572,0.000000,-3.776078,0.999684,0.382444,0.181047
1775992220627,87.997162,7.156559,0.997959,0.181047,0.465302
1775992220684,19.154331,-3.380738,0.989782,0.465302,0.449573
1775992220741,0.000000,-3.517016,0.991450,0.449573,0.216898
1775992220799,0.000000,-0.006509,0.992855,0.216898,0.131293
1775992220855,0.000000,-0.001000,0.994035,0.131293,0.087069
1775992220911,33.238003,3.960897,0.995025,0.087069,0.383890
1775992220967,0.000000,-3.960992,0.995854,0.383890,0.179184
1775992221025,0.000000,0.000000,0.996547,0.179184,0.112485
1775992221082,30.907347,3.776072,0.996651,0.112485,0.395583
1775992221139,51.912006,2.540305,0.993287,0.395583,0.529764
1775992221195,23.681641,-2.679809,0.980287,0.529764,0.541022
1775992221253,0.000000,-3.620072,0.983403,0.541022,0.261811
1775992221309,0.000000,0.000000,0.986054,0.261811,0.153353
1775992221365,0.000000,0.000000,0.988302,0.153353,0.097404
1775992221422,0.000000,0.000000,0.990203,0.097404,0.068691
1775992221479,32.586349,3.817364,0.991805,0.068691,0.372254
1775992221536,0.000000,-3.817364,0.993154,0.372254,0.174029
1775992221592,0.000000,0.000000,0.994286,0.174029,0.109352
1775992221649,32.003838,3.772007,0.995236,0.109352,0.393630
1775992221706,0.000000,-3.772007,0.996030,0.393630,0.186174
1775992221763,31.250000,3.764037,0.996695,0.186174,0.433790
1775992221820,21.484375,0.049639,0.992277,0.433790,0.495174
1775992221877,0.000000,-3.813676,0.993550,0.495174,0.238063
1775992221934,0.000000,0.000000,0.994618,0.238063,0.142717
1775992221991,29.502466,3.817975,0.995513,0.142717,0.411495
1775992222048,0.000000,-3.817975,0.996262,0.411495,0.195050
1775992222104,32.052174,3.912278,0.990984,0.195050,0.438746
1775992222160,31.633648,-0.057565,0.974328,0.438746,0.522438
1775992222217,27.720669,-0.048469,0.948576,0.522438,0.560898
1775992222274,0.000000,-3.738618,0.955866,0.560898,0.265454
1775992222331,0.000000,0.000000,0.962285,0.265454,0.150493
1775992222386,0.000000,0.000000,0.967893,0.150493,0.091835
1775992222442,33.307755,3.970831,0.972759,0.091835,0.382014
1775992222499,28.234650,-0.098131,0.972125,0.382014,0.492091
1775992222556,0.000000,-3.803036,0.976412,0.492091,0.233139
1775992222613,0.000000,0.000000,0.980092,0.233139,0.137251
1775992222670,31.421328,3.827542,0.981392,0.137251,0.405924
1775992222726,0.000000,-3.895890,0.984344,0.405924,0.188991
1775992222783,0.000000,0.000000,0.986853,0.188991,0.115646
1775992222841,0.000000,0.000000,0.988977,0.115646,0.077931
1775992222897,0.000000,0.000000,0.990772,0.077931,0.058679
1775992222954,0.000000,0.000000,0.992285,0.058679,0.048970
1775992223011,0.000000,0.000000,0.993557,0.048970,0.044176
1775992223066,33.061081,3.896093,0.994624,0.044176,0.360857
1775992223123,0.000000,-3.759387,0.995518,0.360857,0.169155
1775992223180,0.000000,0.000000,0.996267,0.169155,0.107214
1775992223235,0.000000,0.000000,0.996892,0.107214,0.075130
1775992223291,33.342632,3.955687,0.997414,0.075130,0.378107
1775992223348,28.337444,-0.114068,0.997469,0.378107,0.494969
1775992223406,21.922146,0.113685,0.995642,0.494969,0.533407
1775992223464,0.000000,-3.820868,0.996370,0.533407,0.258437
1775992223521,0.000000,0.000000,0.996978,0.258437,0.153783
1775992223579,29.633621,3.795855,0.996656,0.153783,0.417257
1775992223635,40.143692,0.937741,0.977343,0.417257,0.521820
1775992223696,0.000000,-4.401526,0.980888,0.521820,0.243508
1775992223752,0.000000,-0.060603,0.983914,0.243508,0.142801
1775992223810,30.845905,3.746824,0.984567,0.142801,0.408638
1775992223867,35.738762,1.013774,0.977792,0.408638,0.518188
1775992223923,0.000000,-4.891540,0.981271,0.518188,0.236796
1775992223980,0.000000,-0.027911,0.984240,0.236796,0.139703
1775992224036,0.000000,-0.005360,0.986763,0.139703,0.089945
1775992224093,31.421328,3.750870,0.988901,0.089945,0.382060
1775992224150,51.740681,2.184561,0.986738,0.382060,0.517865
1775992224205,24.112217,-2.424348,0.969283,0.517865,0.538903
1775992224261,0.000000,-3.646915,0.973962,0.538903,0.258553
1775992224318,0.000000,-0.011718,0.977990,0.258553,0.149928
1775992224375,0.000000,-0.002208,0.981442,0.149928,0.094229
1775992224433,0.000000,-0.000409,0.984386,0.094229,0.065872
1775992224489,0.000000,-0.000080,0.986888,0.065872,0.051630
1775992224545,0.000000,-0.000015,0.989007,0.051630,0.044649
1775992224602,0.000000,-0.000003,0.990797,0.044649,0.041377
1775992224659,31.901041,3.761516,0.992306,0.041377,0.357592
1775992224716,28.166119,0.031756,0.993574,0.357592,0.484980
1775992224773,0.000000,-3.793272,0.994639,0.484980,0.233185
1775992224829,29.645647,3.830329,0.992947,0.233185,0.458149
1775992224885,0.000000,-3.830329,0.994113,0.458149,0.218757
1775992224942,30.530428,3.911443,0.991242,0.218757,0.451116
1775992224999,0.000000,-3.911443,0.992680,0.451116,0.214002
1775992225055,0.000000,-0.000000,0.993888,0.214002,0.130059
1775992225112,0.000000,-0.000000,0.994902,0.130059,0.086611
1775992225170,31.788794,3.736238,0.995751,0.086611,0.381550
1775992225227,0.000000,-3.801786,0.996461,0.381550,0.179681
1775992225283,0.000000,-0.000000,0.997055,0.179681,0.112845
1775992225339,31.110491,3.918298,0.997184,0.112845,0.397299
1775992225395,0.000000,-3.918298,0.997657,0.397299,0.186944
1775992225452,0.000000,-0.000000,0.998052,0.186944,0.116821
1775992225508,0.000000,-0.000000,0.998381,0.116821,0.080423
1775992225565,0.000000,-0.000000,0.998656,0.080423,0.061551
1775992225622,0.000000,-0.000000,0.998883,0.061551,0.051783
1775992225679,32.277962,3.803575,0.999073,0.051783,0.364778
1775992225735,0.000000,-3.871496,0.999231,0.364778,0.170816
1775992225792,28.131853,3.904620,0.999362,0.170816,0.427743
1775992225848,0.000000,-3.974345,0.999470,0.427743,0.202577
1775992225905,0.000000,0.000000,0.999561,0.202577,0.125252
1775992225962,32.449287,3.805003,0.999636,0.125252,0.403108
1775992226018,29.261997,-0.067447,0.995562,0.403108,0.508054
1775992226075,0.000000,-3.738739,0.996303,0.508054,0.246061
1775992226133,33.001080,4.647819,0.991530,0.246061,0.472736
1775992226189,24.379185,-0.919424,0.965235,0.472736,0.529675
1775992226245,0.000000,-3.894387,0.970457,0.529675,0.250579
1775992226302,0.000000,0.000000,0.974974,0.250579,0.145296
1775992226359,0.000000,0.000000,0.978859,0.145296,0.091325
1775992226416,31.112938,3.771550,0.982183,0.091325,0.381641
1775992226474,0.000000,-3.706523,0.985017,0.381641,0.178392
1775992226531,31.489857,3.841856,0.987423,0.178392,0.428667
1775992226588,22.101151,0.014933,0.980679,0.428667,0.497039
1775992226646,0.000000,-3.790293,0.983736,0.497039,0.237304
1775992226703,0.000000,0.000000,0.986336,0.237304,0.140665
1775992226759,30.796595,3.904648,0.988540,0.140665,0.409900
1775992226815,29.471260,-0.078783,0.977267,0.409900,0.507814
1775992226874,22.444386,-0.049662,0.946188,0.507814,0.534655
1775992226930,31.180244,0.113424,0.923393,0.534655,0.563834
1775992226987,0.000000,-3.818774,0.933257,0.563834,0.261657
1775992227044,0.000000,0.000000,0.942195,0.261657,0.144501
1775992227101,31.352797,3.810988,0.950202,0.144501,0.403291
1775992227157,28.494698,0.023775,0.940262,0.403291,0.498001
1775992227214,0.000000,-3.834346,0.948476,0.498001,0.230313
1775992227271,0.000000,0.000000,0.955777,0.230313,0.130918
1775992227328,0.000000,0.000000,0.962206,0.130918,0.080519
1775992227385,0.000000,0.000000,0.967824,0.080519,0.055435
1775992227443,0.000000,0.000000,0.972699,0.055435,0.043366
1775992227499,0.000000,0.000000,0.976904,0.043366,0.037931
1775992227556,0.000000,0.000000,0.980512,0.037931,0.035826
1775992227614,0.000000,0.000000,0.983593,0.035826,0.035348
1775992227671,41.186951,5.201778,0.986215,0.035348,0.367642
1775992227728,0.000000,-5.192321,0.988437,0.367642,0.156938
1775992227784,31.529016,3.910250,0.990316,0.156938,0.418773
1775992227839,0.000000,-3.990798,0.991901,0.418773,0.196234
1775992227894,0.000000,-0.000283,0.993234,0.196234,0.120686
1775992227952,0.000000,-0.000051,0.994353,0.120686,0.081627
1775992228008,0.000000,-0.000010,0.995291,0.081627,0.061504
1775992228067,31.183792,3.719330,0.996077,0.061504,0.368391
1775992228124,29.399672,-0.066091,0.996309,0.368391,0.490164
1775992228181,27.138159,0.018491,0.993488,0.490164,0.553768
1775992228237,25.878906,-0.065085,0.980770,0.553768,0.583463
1775992228295,0.000000,-3.673838,0.983814,0.583463,0.283425
1775992228352,29.091284,3.780270,0.975816,0.283425,0.480347
1775992228409,26.589912,-0.083923,0.958270,0.480347,0.540595
1775992228467,52.128235,3.671827,0.953263,0.540595,0.608480
1775992228523,24.623325,-3.846059,0.935872,0.608480,0.565123
1775992228579,0.000000,-3.719258,0.944544,0.565123,0.265580
1775992228635,58.070591,6.341948,0.948220,0.265580,0.491165
1775992228693,46.134159,0.870293,0.948999,0.491165,0.553909
1775992228751,20.070044,-3.369387,0.929886,0.553909,0.494466
1775992228808,22.923519,0.136349,0.914711,0.494466,0.528869
1775992228866,31.216326,0.854880,0.993567,0.528869,0.582274
1775992228923,0.000000,-4.680455,0.994632,0.582274,0.274904
1775992228980,0.000000,-0.012602,0.995525,0.274904,0.161929
1775992229036,0.000000,-0.000934,0.996272,0.161929,0.103448
1775992229093,0.000000,0.000000,0.996897,0.103448,0.073173
1775992229150,61.643368,6.054461,0.997418,0.073173,0.398078
1775992229207,0.000000,-6.033958,0.997853,0.398078,0.166232
1775992229263,30.657085,3.869997,0.997409,0.166232,0.424622
1775992229320,0.000000,-3.821881,0.997846,0.424622,0.202154
1775992229377,0.000000,-0.000589,0.998210,0.202154,0.124756
1775992229434,0.000000,-0.000110,0.998512,0.124756,0.084575
1775992229492,0.000000,-0.000020,0.998764,0.084575,0.063731
1775992229549,0.000000,-0.000004,0.998974,0.063731,0.052935
1775992229607,0.000000,-0.000001,0.999148,0.052935,0.047356
1775992229664,32.380756,3.799956,0.999293,0.047356,0.362483
1775992229720,29.645647,-0.060756,0.999414,0.362483,0.487766
1775992229775,0.000000,-3.876275,0.999514,0.487766,0.234778
1775992229832,0.000000,-0.000000,0.999597,0.234778,0.142004
1775992229889,0.000000,-0.000000,0.999665,0.142004,0.093775
1775992229946,0.000000,-0.000000,0.999723,0.093775,0.068708
1775992230003,31.558388,3.800088,0.999770,0.068708,0.373683
1775992230059,28.669085,-0.011487,0.999353,0.373683,0.494071
1775992230115,0.000000,-3.856459,0.999464,0.494071,0.238245
1775992230171,59.779575,7.488905,0.999091,0.238245,0.498595
1775992230227,52.315845,-1.281261,0.990566,0.498595,0.544570
1775992230284,0.000000,-6.095784,0.992111,0.544570,0.240641
1775992230340,0.000000,-0.002478,0.993411,0.240641,0.143790
1775992230398,0.000000,-0.000425,0.994502,0.143790,0.093667
1775992230454,0.000000,-0.000075,0.995416,0.093667,0.067789
1775992230511,0.000000,-0.000012,0.996181,0.067789,0.054487
1775992230568,0.000000,-0.000002,0.996821,0.054487,0.047697
1775992230624,0.000000,-0.000000,0.997354,0.047697,0.044273
1775992230681,0.000000,0.000000,0.997800,0.044273,0.042582
1775992230737,0.000000,0.000000,0.998171,0.042582,0.041777
1775992230794,33.031799,3.904875,0.998480,0.041777,0.360469
1775992230850,0.000000,-3.974605,0.998738,0.360469,0.167445
1775992230908,0.000000,0.000000,0.998952,0.167445,0.106862
1775992230964,0.000000,0.000000,0.999130,0.106862,0.075394
1775992231022,0.000000,0.000000,0.999278,0.075394,0.059061
1775992231079,0.000000,0.000000,0.999401,0.059061,0.050592
1775992231136,39.747807,5.354720,0.999503,0.050592,0.379755
1775992231194,0.000000,-5.200394,0.999588,0.379755,0.165386
1775992231251,0.000000,-0.052027,0.999658,0.165386,0.105412
1775992231308,0.000000,-0.008989,0.999717,0.105412,0.074668
1775992231364,0.000000,-0.001717,0.999765,0.074668,0.058763
1775992231420,33.412388,3.991862,0.999805,0.058763,0.370436
1775992231475,0.000000,-4.064839,0.999839,0.370436,0.171946
1775992231532,0.000000,-0.000003,0.999866,0.171946,0.109385
1775992231592,0.000000,-0.000001,0.999889,0.109385,0.076858
1775992231648,0.000000,-0.000000,0.999908,0.076858,0.059948
1775992231704,0.000000,-0.000000,0.999924,0.059948,0.051158
1775992231759,0.000000,-0.000000,0.999937,0.051158,0.046589
1775992231816,0.000000,-0.000000,0.999948,0.046589,0.044216
1775992231873,0.000000,-0.000000,0.999957,0.044216,0.042984
1775992231931,32.058189,3.744594,0.999964,0.042984,0.359790
1775992231987,0.000000,-3.878330,0.999970,0.359790,0.168302
1775992232044,0.000000,0.000000,0.999975,0.168302,0.107512
1775992232101,0.000000,0.000000,0.999980,0.107512,0.075902
1775992232157,41.748047,5.325563,0.999983,0.075902,0.392721
1775992232214,24.157072,-1.428907,0.999986,0.392721,0.489923
1775992232269,0.000000,-3.941525,0.999988,0.489923,0.235342
1775992232327,0.000000,0.000000,0.999990,0.235342,0.142376
1775992232382,0.000000,0.000000,0.999992,0.142376,0.094034
1775992232438,0.000000,0.000000,0.999993,0.094034,0.068896
1775992232495,0.000000,0.000000,0.999995,0.068896,0.055825
1775992232552,0.000000,0.000000,0.999995,0.055825,0.049028
1775992232608,0.000000,0.000000,0.999996,0.049028,0.045494
1775992232664,32.784595,3.890985,0.999997,0.045494,0.362566
1775992232720,28.913225,-0.071615,0.999997,0.362566,0.487818
1775992232776,0.000000,-3.819370,0.999998,0.487818,0.235471
1775992232832,0.000000,0.000000,0.999998,0.235471,0.142445
1775992232889,0.000000,0.000000,0.999999,0.142445,0.094071
1775992232946,0.000000,0.000000,0.999999,0.094071,0.068917
1775992233002,0.000000,0.000000,0.999999,0.068917,0.055836
1775992233059,62.465736,6.274163,0.999999,0.055836,0.391776
1775992233116,23.917215,-2.530352,0.999919,0.391776,0.477438
1775992233172,0.000000,-3.810665,0.999933,0.477438,0.230148
1775992233229,0.000000,0.000000,0.999944,0.230148,0.139666
1775992233286,0.000000,0.000000,0.999954,0.139666,0.092617
1775992233341,33.380684,3.934868,0.999962,0.092617,0.387502
1775992233398,0.000000,-3.796803,0.999968,0.387502,0.183527
1775992233455,32.003838,3.838406,0.999910,0.183527,0.433800
1775992233514,0.000000,-3.708290,0.999925,0.433800,0.208478
1775992233572,30.408136,3.772478,0.999301,0.208478,0.445993
1775992233629,56.880482,2.353686,0.992155,0.445993,0.553885
1775992233686,19.976700,-2.378766,0.975450,0.553885,0.512384
1775992233743,26.350056,-0.102065,0.953525,0.512384,0.556124
1775992233801,28.993805,0.122733,0.945996,0.556124,0.579611
1775992233858,26.452850,-0.122634,0.935570,0.579611,0.587285
1775992233915,21.827028,0.129622,0.926018,0.587285,0.566537
1775992233973,0.000000,-3.777126,0.935640,0.566537,0.263956
1775992234030,0.000000,0.000000,0.944333,0.263956,0.146124
1775992234087,32.209431,3.832011,0.952101,0.146124,0.404725
1775992234144,35.498905,1.210226,0.946072,0.404725,0.511773
1775992234201,0.000000,-5.001863,0.953645,0.511773,0.226833
1775992234258,0.000000,-0.033673,0.960333,0.226833,0.129683
1775992234316,29.936693,3.714967,0.963663,0.129683,0.397317
1775992234374,27.343750,0.014930,0.949821,0.397317,0.496719
1775992234432,23.605873,-0.122434,0.931228,0.496719,0.538717
1775992234489,0.000000,-3.677450,0.940364,0.538717,0.251431
1775992234545,0.000000,-0.000004,0.948567,0.251431,0.140458
1775992234601,0.000000,-0.000001,0.955858,0.140458,0.084209
1775992234657,39.934429,5.179712,0.962277,0.084209,0.388041
1775992234714,0.000000,-5.048292,0.967886,0.388041,0.164876
1775992234771,0.000000,-0.033794,0.972753,0.164876,0.099948
1775992234828,0.000000,-0.005729,0.976950,0.099948,0.067306
1775992234886,0.000000,-0.000864,0.980551,0.067306,0.051101
1775992234942,33.168247,3.880507,0.983627,0.051101,0.362103
1775992234999,36.458332,1.012801,0.985387,0.362103,0.495499
1775992235056,0.000000,-4.791103,0.987737,0.495499,0.227296
1775992235114,0.000000,-0.027334,0.989725,0.227296,0.135865
1775992235171,61.917488,7.312110,0.990752,0.135865,0.441922
1775992235227,26.576450,-3.707991,0.985790,0.441922,0.489877
1775992235284,0.000000,-3.672675,0.988077,0.489877,0.235625
1775992235341,29.502466,3.826927,0.981093,0.235625,0.457013
1775992235398,0.000000,-3.829794,0.984089,0.457013,0.216167
1775992235454,0.000000,-0.000075,0.986636,0.216167,0.129733
1775992235512,29.734646,3.787474,0.988078,0.129733,0.402952
1775992235569,0.000000,-3.853934,0.990013,0.402952,0.188998
1775992235626,36.938049,5.134998,0.986685,0.188998,0.446966
1775992235682,26.715960,-1.381672,0.972146,0.446966,0.513035
1775992235738,0.000000,-3.841753,0.976427,0.513035,0.243646
1775992235795,56.160912,6.329368,0.971189,0.243646,0.484227
1775992235853,0.000000,-6.223397,0.975604,0.484227,0.204685
1775992235909,0.000000,0.000000,0.979398,0.204685,0.122316
1775992235965,32.645088,3.908514,0.981600,0.122316,0.399009
1775992236023,0.000000,-3.773737,0.984520,0.399009,0.186651
1775992236079,31.284876,3.887612,0.982395,0.186651,0.432414
1775992236135,28.390066,-0.108792,0.968203,0.432414,0.517408
1775992236192,0.000000,-3.712524,0.973029,0.517408,0.246533
1775992236249,0.000000,0.000000,0.977189,0.246533,0.143635
1775992236306,0.000000,0.000000,0.980757,0.143635,0.090842
1775992236363,32.860470,3.916697,0.983803,0.090842,0.383165
1775992236419,0.000000,-3.986637,0.986394,0.383165,0.176658
1775992236476,0.000000,0.000000,0.988589,0.176658,0.109580
1775992236532,0.000000,0.000000,0.990445,0.109580,0.075071
1775992236589,0.000000,0.000000,0.992009,0.075071,0.057439
1775992236645,0.000000,0.000000,0.993325,0.057439,0.048533
1775992236701,0.000000,0.000000,0.994430,0.048533,0.044123
1775992236758,0.000000,0.000000,0.995356,0.044123,0.042015
1775992236814,0.000000,0.000000,0.996131,0.042015,0.041074
1775992236868,0.000000,0.000000,0.996779,0.041074,0.040714
1775992236925,0.000000,0.000000,0.997319,0.040714,0.040635
1775992236982,0.000000,0.000000,0.997771,0.040635,0.040684
1775992237038,33.621651,3.974751,0.998147,0.040684,0.360533
1775992237094,0.000000,-3.974751,0.998460,0.360533,0.167422
1775992237154,34.016930,4.585887,0.998721,0.167422,0.432662
1775992237212,25.660023,-1.023178,0.998938,0.432662,0.514540
1775992237269,0.000000,-3.784145,0.999118,0.514540,0.249543
1775992237325,0.000000,-0.001632,0.999268,0.249543,0.149600
1775992237383,0.000000,-0.000297,0.999393,0.149600,0.097667
1775992237440,0.000000,-0.000057,0.999496,0.097667,0.070686
1775992237497,31.558388,3.800668,0.999582,0.070686,0.374680
1775992237553,0.000000,-3.868551,0.999654,0.374680,0.176079
1775992237611,25.794720,3.731548,0.999295,0.176079,0.428735
1775992237667,28.459820,-0.082805,0.996328,0.428735,0.521380
1775992237723,31.145367,0.115689,0.981317,0.521380,0.568538
1775992237779,26.925222,-0.105024,0.961345,0.568538,0.586858
1775992237836,0.000000,-3.726139,0.967073,0.586858,0.281320
1775992237892,0.000000,0.000000,0.972048,0.281320,0.160696
1775992237948,0.000000,0.000000,0.976343,0.160696,0.098830
1775992238005,0.000000,0.000000,0.980031,0.098830,0.067398
1775992238062,0.000000,0.000000,0.983183,0.067398,0.051684
1775992238120,0.000000,0.000000,0.985866,0.051684,0.044049
1775992238177,43.619793,4.705579,0.988142,0.044049,0.367589
1775992238234,0.000000,-4.642595,0.990067,0.367589,0.162734
1775992238292,0.000000,-0.050240,0.991690,0.162734,0.102457
1775992238349,0.000000,-0.009630,0.993057,0.102457,0.071793
1775992238408,31.415520,3.694296,0.994204,0.071793,0.373116
1775992238466,28.252964,-0.052443,0.995167,0.373116,0.492529
1775992238523,27.583607,-0.016336,0.992819,0.492529,0.554516
1775992238580,28.954222,0.048823,0.985664,0.554516,0.585969
1775992238637,27.823465,-0.014589,0.955026,0.585969,0.595563
1775992238694,0.000000,-3.790687,0.961547,0.595563,0.284095
1775992238754,28.906250,3.621725,0.962199,0.284095,0.476387
1775992238812,0.000000,-3.746612,0.967820,0.476387,0.223819
1775992238869,30.907347,3.774991,0.964336,0.223819,0.447003
1775992238926,0.000000,-3.774991,0.969677,0.447003,0.208627
1775992238982,0.000000,0.000000,0.974301,0.208627,0.123346
1775992239040,0.000000,0.000000,0.978281,0.123346,0.079796
1775992239097,0.000000,0.000000,0.981690,0.079796,0.057832
1775992239154,38.685581,4.924166,0.984597,0.057832,0.376234
1775992239211,0.000000,-4.888062,0.987067,0.376234,0.164174
1775992239271,0.000000,-0.027827,0.989159,0.164174,0.102924
1775992239327,0.000000,-0.005625,0.990925,0.102924,0.071649
1775992239383,0.000000,-0.001061,0.992413,0.071649,0.055730
1775992239440,0.000000,-0.000197,0.993664,0.055730,0.047710
1775992239498,0.000000,-0.000036,0.994714,0.047710,0.043752
1775992239556,0.000000,-0.000007,0.995594,0.043752,0.041870
1775992239613,0.000000,-0.000001,0.996330,0.041870,0.041038
1775992239670,32.209431,3.770987,0.996945,0.041038,0.358439
1775992239726,0.000000,-3.838326,0.997458,0.358439,0.167496
1775992239783,0.000000,-0.000000,0.997886,0.167496,0.106675
1775992239840,0.000000,-0.000000,0.998243,0.106675,0.075120
1775992239897,0.000000,-0.000000,0.998540,0.075120,0.058770
1775992239953,32.470703,3.827943,0.998788,0.058770,0.368598
1775992240010,0.000000,-3.760787,0.998993,0.368598,0.173862
1775992240066,32.052174,3.913167,0.999165,0.173862,0.429373
1775992240123,0.000000,-3.844515,0.999307,0.429373,0.204690
1775992240181,57.549839,7.269422,0.999425,0.204690,0.479018
1775992240238,0.000000,-7.396956,0.999523,0.479018,0.195024
1775992240295,0.000000,0.000000,0.999604,0.195024,0.121334
1775992240353,0.000000,0.000000,0.999672,0.121334,0.083028
1775992240410,0.000000,0.000000,0.999728,0.083028,0.063120
1775992240466,32.470703,3.825745,0.999774,0.063120,0.371035
1775992240522,0.000000,-3.825745,0.999813,0.371035,0.174643
1775992240578,26.576450,3.895826,0.999845,0.174643,0.429742
1775992240634,28.564453,0.001779,0.996220,0.429742,0.522727
1775992240691,0.000000,-3.829226,0.996853,0.522727,0.252897
1775992240747,28.494698,3.902100,0.991582,0.252897,0.468844
1775992240803,0.000000,-3.902100,0.992966,0.468844,0.223371
1775992240858,0.000000,0.000000,0.994128,0.223371,0.134978
1775992240914,0.000000,0.000000,0.995103,0.134978,0.089209
1775992240970,0.000000,0.000000,0.995919,0.089209,0.065573
1775992241027,0.000000,0.000000,0.996602,0.065573,0.053418
1775992241084,32.620613,3.810030,0.997172,0.053418,0.365312
1775992241140,34.388950,0.330679,0.997648,0.365312,0.492799
1775992241197,25.527687,-0.222700,0.988909,0.492799,0.551810
1775992241253,0.000000,-3.971570,0.990715,0.551810,0.265368
1775992241309,29.889788,3.838278,0.982489,0.265368,0.472872
1775992241367,25.828396,-0.010130,0.964560,0.472872,0.538704
1775992241422,0.000000,-3.908012,0.969872,0.538704,0.255020
1775992241478,0.000000,-0.000047,0.974469,0.255020,0.147504
1775992241535,30.461897,3.818350,0.978425,0.147504,0.410571
1775992241590,0.000000,-3.957210,0.981813,0.410571,0.190287
1775992241647,31.558388,3.802150,0.982818,0.190287,0.433534
1775992241704,0.000000,-3.802150,0.985556,0.433534,0.204528
1775992241760,0.000000,0.000000,0.987879,0.204528,0.123930
1775992241817,0.000000,0.000000,0.989845,0.123930,0.082413
1775992241873,0.000000,0.000000,0.991504,0.082413,0.061155
1775992241930,0.000000,0.000000,0.992900,0.061155,0.050381
1775992241987,0.000000,0.000000,0.994073,0.050381,0.045013
1775992242044,0.000000,0.000000,0.995057,0.045013,0.042418
1775992242101,0.000000,0.000000,0.995880,0.042418,0.041233
1775992242159,0.000000,0.000000,0.996569,0.041233,0.040755
1775992242217,32.058189,3.744585,0.997145,0.040755,0.358068
1775992242274,0.000000,-3.810279,0.997625,0.358068,0.167617
1775992242331,0.000000,0.000000,0.998026,0.167617,0.106766
1775992242389,0.000000,0.000000,0.998359,0.106766,0.075190
1775992242447,0.000000,0.000000,0.998637,0.075190,0.058826
1775992242505,0.000000,0.000000,0.998868,0.058826,0.050363
1775992242562,0.000000,0.000000,0.999060,0.050363,0.046001
1775992242619,32.243694,3.809948,0.999220,0.046001,0.361864
1775992242677,54.687500,1.000505,0.999353,0.361864,0.498045
1775992242733,24.937220,-1.251468,0.999463,0.498045,0.546361
1775992242790,0.000000,-3.598493,0.999554,0.546361,0.268034
1775992242846,0.000000,0.000000,0.999631,0.268034,0.159304
1775992242902,0.000000,0.000000,0.999694,0.159304,0.102777
1775992242959,0.000000,0.000000,0.999746,0.102777,0.073393
1775992243017,0.000000,0.000000,0.999789,0.073393,0.058122
1775992243074,0.000000,0.000000,0.999825,0.058122,0.050189
1775992243132,45.292297,5.853631,0.999855,0.050189,0.384605
1775992243188,26.646204,-2.169987,0.999773,0.384605,0.478250
1775992243244,22.077288,0.014474,0.994738,0.478250,0.525350
1775992243301,0.000000,-3.837974,0.995614,0.525350,0.253925
1775992243359,0.000000,-0.000522,0.996347,0.253925,0.151305
1775992243417,0.000000,-0.000098,0.996959,0.151305,0.098069
1775992243473,0.000000,-0.000019,0.997470,0.098069,0.070490
1775992243530,0.000000,-0.000004,0.997896,0.070490,0.056234
1775992243587,32.620613,3.808899,0.998251,0.056234,0.366981
1775992243643,57.198658,2.444943,0.998547,0.366981,0.514989
1775992243700,0.000000,-6.210949,0.998793,0.514989,0.225443
1775992243756,25.913782,3.835098,0.998401,0.225443,0.455262
1775992243813,27.172422,0.005083,0.982653,0.455262,0.533318
1775992243870,23.951481,-0.043706,0.960552,0.533318,0.568432
1775992243929,0.000000,-3.602779,0.966383,0.568432,0.272834
1775992243985,0.000000,0.000000,0.971451,0.272834,0.156164
1775992244042,0.000000,0.000000,0.975829,0.156164,0.096371
1775992244099,0.000000,0.000000,0.979591,0.096371,0.066031
1775992244155,40.352955,5.167749,0.982808,0.066031,0.382575
1775992244212,0.000000,-5.031228,0.985547,0.382575,0.165736
1775992244267,0.000000,-0.038831,0.987872,0.165736,0.103369
1775992244323,32.784595,3.878693,0.989839,0.103369,0.390507
1775992244379,0.000000,-3.886967,0.991498,0.390507,0.182493
1775992244436,26.761238,3.857109,0.991540,0.182493,0.431776
1775992244494,0.000000,-3.790859,0.992930,0.431776,0.205201
1775992244551,31.078672,3.791634,0.993386,0.205201,0.443298
1775992244608,0.000000,-3.791640,0.994481,0.443298,0.211495
1775992244665,36.252743,4.949173,0.991614,0.211495,0.457792
1775992244723,0.000000,-4.847894,0.992993,0.457792,0.208171
1775992244779,0.000000,-0.014469,0.994151,0.208171,0.126935
1775992244837,0.000000,-0.001866,0.995122,0.126935,0.085012
1775992244893,32.679966,3.914520,0.995935,0.085012,0.382538
1775992244950,28.954222,-0.100946,0.988833,0.382538,0.495677
1775992245008,0.000000,-3.680444,0.990651,0.495677,0.239078
1775992245064,0.000000,0.000000,0.992182,0.239078,0.142757
1775992245121,0.000000,0.000000,0.993470,0.142757,0.092928
1775992245177,64.836769,7.491053,0.994551,0.092928,0.422143
1775992245234,0.000000,-7.359631,0.995457,0.422143,0.165010
1775992245291,30.598959,3.753030,0.995639,0.165010,0.422463
1775992245348,26.350056,0.017872,0.989874,0.422463,0.517834
1775992245405,0.000000,-3.770902,0.991528,0.517834,0.249870
1775992245461,0.000000,0.000000,0.992921,0.249870,0.148517
1775992245517,31.459263,3.860532,0.992845,0.148517,0.414403
1775992245574,28.714363,0.118744,0.975519,0.414403,0.511781
1775992245631,26.932566,-0.163989,0.944200,0.511781,0.553326
1775992245688,0.000000,-3.747559,0.951983,0.553326,0.260651
1775992245744,0.000000,0.000000,0.958871,0.260651,0.147312
1775992245801,0.000000,0.000000,0.964914,0.147312,0.089585
1775992245856,0.000000,0.000000,0.970177,0.089585,0.060620
1775992245912,0.000000,0.000000,0.974731,0.060620,0.046468
1775992245969,0.000000,0.000000,0.978649,0.046468,0.039893
1775992246027,0.000000,0.000000,0.982003,0.039893,0.037145
1775992246084,31.901041,3.761863,0.984863,0.037145,0.353907
1775992246140,32.087051,1.725499,0.987292,0.353907,0.498745
1775992246196,0.000000,-5.484179,0.989349,0.498745,0.222375
1775992246253,0.000000,-0.056993,0.991085,0.222375,0.133282
1775992246309,0.000000,-0.010018,0.992548,0.133282,0.087716
1775992246365,0.000000,-0.001890,0.993777,0.087716,0.064349
1775992246421,0.000000,-0.000357,0.994809,0.064349,0.052420
1775992246479,0.000000,-0.000065,0.995673,0.052420,0.046392
1775992246536,32.586349,3.817717,0.996396,0.046392,0.361580
1775992246593,28.988487,-0.060875,0.997000,0.361580,0.486813
1775992246650,28.303181,0.852853,0.994379,0.486813,0.560547
1775992246707,0.000000,-4.609710,0.995313,0.560547,0.264450
1775992246762,30.149147,3.979685,0.989712,0.264450,0.475253
1775992246819,27.515078,-0.109411,0.971909,0.475253,0.540419
1775992246875,0.000000,-3.797255,0.976225,0.540419,0.258290
1775992246933,0.000000,0.000000,0.979931,0.258290,0.150297
1775992246990,0.000000,0.000000,0.983098,0.150297,0.094774
1775992247047,0.000000,0.000000,0.985795,0.094774,0.066442
1775992247103,32.121929,3.869192,0.988082,0.066442,0.370858
1775992247160,55.030155,1.109006,0.990017,0.370858,0.501939
1775992247217,0.000000,-4.910317,0.991648,0.501939,0.230235
1775992247275,0.000000,0.000000,0.993022,0.230235,0.138327
1775992247331,31.249998,3.885184,0.994175,0.138327,0.409617
1775992247387,0.000000,-3.885184,0.995142,0.409617,0.193177
1775992247444,0.000000,0.000000,0.995952,0.193177,0.119643
1775992247500,32.679966,3.963824,0.995697,0.119643,0.400992
1775992247556,0.000000,-3.963824,0.996416,0.400992,0.188161
1775992247613,0.000000,0.000000,0.997017,0.188161,0.117247
1775992247670,32.415024,3.814031,0.997065,0.117247,0.398522
1775992247727,0.000000,-3.814031,0.997558,0.398522,0.188603
1775992247785,26.333513,3.781420,0.997264,0.188603,0.435340
1775992247842,0.000000,-3.847761,0.997724,0.435340,0.207444
1775992247899,31.078672,3.791876,0.994035,0.207444,0.444597
1775992247955,0.000000,-3.859588,0.995025,0.444597,0.211599
1775992248012,0.000000,0.000000,0.995854,0.211599,0.129203
1775992248069,0.000000,0.000000,0.996548,0.129203,0.086495
1775992248126,32.106632,3.795983,0.997127,0.086495,0.382363
1775992248183,0.000000,-3.795983,0.997610,0.382363,0.180391
1775992248240,0.000000,0.000000,0.998013,0.180391,0.113406
1775992248298,31.148977,3.717948,0.998349,0.113406,0.395820
1775992248355,28.131853,-0.001481,0.989761,0.395820,0.503764
1775992248413,0.000000,-3.716493,0.991433,0.503764,0.243079
1775992248470,29.125547,3.764540,0.982040,0.243079,0.460454
1775992248527,0.000000,-3.764540,0.984894,0.460454,0.218770
1775992248583,31.215122,3.941909,0.980671,0.218770,0.449313
1775992248639,35.260880,1.253002,0.961593,0.449313,0.538492
1775992248697,23.807920,-1.275986,0.949753,0.538492,0.554965
1775992248754,0.000000,-3.797975,0.956905,0.554965,0.261983
1775992248812,0.000000,-0.005922,0.963195,0.261983,0.148811
1775992248869,0.000000,-0.001136,0.968684,0.148811,0.091107
1775992248927,0.000000,-0.000211,0.973442,0.091107,0.062062
1775992248984,0.000000,-0.000040,0.977542,0.062062,0.047780
1775992249042,32.024517,3.752107,0.981058,0.047780,0.358578
1775992249099,0.000000,-3.817942,0.984058,0.358578,0.165093
1775992249157,37.816544,5.044775,0.986609,0.165093,0.433618
1775992249214,0.000000,-5.085109,0.988771,0.433618,0.192385
1775992249271,0.000000,-0.039088,0.990598,0.192385,0.117769
1775992249327,0.000000,-0.007503,0.992138,0.117769,0.079592
1775992249384,0.000000,-0.001390,0.993433,0.079592,0.060061
1775992249442,31.216326,3.697879,0.994520,0.060061,0.367114
1775992249499,0.000000,-3.763072,0.995431,0.367114,0.172355
1775992249556,31.489857,3.844128,0.995119,0.172355,0.427090
1775992249613,0.000000,-3.844132,0.995933,0.427090,0.202832
1775992249670,31.250000,3.813036,0.996181,0.202832,0.442839
1775992249727,26.452850,-0.057712,0.983965,0.442839,0.526492
1775992249783,0.000000,-3.822384,0.986530,0.526492,0.252858
1775992249839,30.761719,3.852028,0.981185,0.252858,0.466243
1775992249896,0.000000,-3.784449,0.984167,0.466243,0.221435
1775992249952,0.000000,0.000000,0.986702,0.221435,0.132487
1775992250008,0.000000,0.000000,0.988850,0.132487,0.086663
1775992250066,0.000000,0.000000,0.990665,0.086663,0.063198
1775992250123,0.000000,0.000000,0.992194,0.063198,0.051302
1775992250179,32.958984,3.870514,0.993480,0.051302,0.364078
1775992250237,0.000000,-3.737048,0.994560,0.364078,0.170862
1775992250293,31.738279,3.846884,0.995464,0.170862,0.426410
1775992250350,0.000000,-3.779395,0.996222,0.426410,0.203184
1775992250406,31.354631,3.924295,0.996401,0.203184,0.444179
1775992250462,0.000000,-3.924295,0.997004,0.444179,0.211131
1775992250519,0.000000,0.000000,0.997508,0.211131,0.129289
1775992250575,0.000000,0.000000,0.997928,0.129289,0.086816
1775992250633,0.000000,0.000000,0.998278,0.086816,0.064800
1775992250689,0.000000,0.000000,0.998569,0.064800,0.053410
1775992250746,0.000000,0.000000,0.998811,0.053410,0.047535
1775992250802,0.000000,0.000000,0.999013,0.047535,0.044521
1775992250859,0.000000,0.000000,0.999181,0.044521,0.042987
1775992250915,0.000000,0.000000,0.999320,0.042987,0.042217
1775992250973,0.000000,0.000000,0.999436,0.042217,0.041840
1775992251029,33.621651,3.974760,0.999532,0.041840,0.361411
1775992251087,0.000000,-3.837700,0.999612,0.361411,0.169479
1775992251144,31.112938,3.788848,0.999678,0.169479,0.425953
1775992251201,0.000000,-3.788848,0.999733,0.425953,0.203554
1775992251257,0.000000,0.000000,0.999779,0.203554,0.125804
1775992251314,31.592653,3.790989,0.999817,0.125804,0.403291
1775992251371,28.131853,-0.008044,0.999576,0.403291,0.509546
1775992251427,0.000000,-3.850497,0.999648,0.509546,0.246389
1775992251484,0.000000,0.000000,0.999708,0.246389,0.148064
1775992251540,0.000000,0.000000,0.999758,0.148064,0.096945
1775992251598,0.000000,0.000000,0.999800,0.096945,0.070371
1775992251656,38.826778,4.857085,0.999834,0.070371,0.385131
1775992251714,0.000000,-4.834702,0.999862,0.385131,0.171893
1775992251771,0.000000,-0.018833,0.999886,0.171893,0.109173
1775992251827,0.000000,-0.003346,0.999906,0.109173,0.076718
1775992251884,0.000000,-0.000557,0.999922,0.076718,0.059872
1775992251941,31.866776,3.752760,0.999935,0.059872,0.368648
1775992251998,0.000000,-3.752858,0.999946,0.368648,0.174158
1775992252055,0.000000,-0.000000,0.999955,0.174158,0.110553
1775992252112,0.000000,0.000000,0.999963,0.110553,0.077480
1775992252169,40.604443,5.175284,0.999969,0.077480,0.392036
1775992252225,0.000000,-5.258329,0.999975,0.392036,0.171271
1775992252283,0.000000,-0.007340,0.999979,0.171271,0.108983
1775992252339,0.000000,-0.001435,0.999983,0.108983,0.076653
1775992252395,0.000000,-0.000271,0.999986,0.076653,0.059854
1775992252452,0.000000,-0.000050,0.999988,0.059854,0.051121
1775992252508,33.203125,3.876045,0.999990,0.051121,0.365342
1775992252565,28.988487,-0.054104,0.999992,0.365342,0.489435
1775992252622,21.827028,0.068231,0.996210,0.489435,0.529079
1775992252678,26.471819,-0.140115,0.979044,0.529079,0.569529
1775992252734,0.000000,-3.750322,0.982342,0.569529,0.275120
1775992252790,0.000000,0.000000,0.985151,0.275120,0.160093
1775992252846,0.000000,0.000000,0.987537,0.160093,0.100755
1775992252902,33.482143,3.973662,0.989555,0.100755,0.390041
1775992252958,0.000000,-3.973662,0.991260,0.390041,0.181336
1775992253015,29.536732,3.742971,0.992695,0.181336,0.430264
1775992253071,0.000000,-3.809809,0.993901,0.430264,0.204419
1775992253128,55.921051,6.286177,0.993030,0.204419,0.467766
1775992253184,24.483816,-2.633205,0.983230,0.467766,0.513552
1775992253240,0.000000,-3.765225,0.985906,0.513552,0.246576
1775992253296,28.878347,3.839283,0.974526,0.246576,0.461517
1775992253353,0.000000,-3.771928,0.978473,0.461517,0.217964
1775992253410,30.770285,3.852390,0.977572,0.217964,0.447380
1775992253468,21.753773,0.023807,0.947549,0.447380,0.496179
1775992253524,28.494698,-0.158301,0.930658,0.496179,0.542562
1775992253580,23.228235,0.067395,0.930580,0.542562,0.559918
1775992253636,27.727398,-0.049244,0.914676,0.559918,0.573600
1775992253694,0.000000,-3.674459,0.990710,0.573600,0.279669
1775992253750,29.471260,3.865592,0.990416,0.279669,0.482167
1775992253806,56.535992,3.513562,0.989778,0.482167,0.583818
1775992253863,21.792763,-3.647324,0.973776,0.583818,0.536116
1775992253920,22.306744,0.202337,0.963301,0.536116,0.553709
1775992253976,0.000000,-3.872649,0.968742,0.553709,0.262951
1775992254032,0.000000,0.000000,0.973465,0.262951,0.151428
1775992254088,0.000000,0.000000,0.977541,0.151428,0.094250
1775992254144,39.864674,5.185336,0.981039,0.094250,0.397071
1775992254201,0.000000,-5.054115,0.984029,0.397071,0.172742
1775992254258,0.000000,-0.033586,0.986574,0.172742,0.106805
1775992254314,0.000000,-0.005761,0.988734,0.106805,0.073228
1775992254372,0.000000,-0.000850,0.990560,0.073228,0.056182
1775992254428,33.168247,3.880109,0.992101,0.056182,0.366436
1775992254486,0.000000,-3.746446,0.993398,0.366436,0.171762
1775992254543,31.112938,3.785517,0.993296,0.171762,0.425831
1775992254599,0.000000,-3.853120,0.994403,0.425831,0.201781
1775992254657,30.610184,3.711555,0.993393,0.201781,0.440720
1775992254713,0.000000,-3.844111,0.994485,0.440720,0.209630
1775992254769,0.000000,0.000000,0.995400,0.209630,0.128088
1775992254825,33.342632,3.988510,0.994996,0.128088,0.405490
1775992254880,0.000000,-4.061028,0.995829,0.405490,0.189410
1775992254935,0.000000,0.000000,0.996525,0.189410,0.117798
1775992254992,0.000000,0.000000,0.997107,0.117798,0.080676
1775992255048,0.000000,0.000000,0.997593,0.080676,0.061470
1775992255105,0.000000,0.000000,0.997998,0.061470,0.051564
1775992255161,40.457588,5.450402,0.998336,0.051564,0.380985
1775992255217,0.000000,-5.386185,0.998617,0.380985,0.163974
1775992255274,0.000000,-0.052027,0.998852,0.163974,0.104516
1775992255331,0.000000,-0.008988,0.999046,0.104516,0.074068
1775992255388,32.277962,3.807078,0.999208,0.074068,0.376428
1775992255445,0.000000,-3.809134,0.999343,0.376428,0.177520
1775992255501,0.000000,-0.000016,0.999455,0.177520,0.112201
1775992255557,0.000000,-0.000003,0.999548,0.112201,0.078254
1775992255613,0.000000,-0.000000,0.999625,0.078254,0.060617
1775992255669,32.784595,3.890327,0.999689,0.060617,0.370362
1775992255726,0.000000,-3.822076,0.999742,0.370362,0.174316
1775992255782,30.203682,3.802792,0.999786,0.174316,0.428629
1775992255839,27.549341,0.158257,0.997525,0.428629,0.523975
1775992255895,0.000000,-3.963874,0.997942,0.523975,0.252417
1775992255951,0.000000,0.000000,0.998290,0.252417,0.150914
1775992256006,0.000000,0.000000,0.998579,0.150914,0.098191
1775992256063,0.000000,0.000000,0.998820,0.098191,0.070823
1775992256120,32.620613,3.807576,0.999020,0.070823,0.374708
1775992256176,31.842913,-0.025621,0.998608,0.374708,0.494314
1775992256232,0.000000,-3.849947,0.998844,0.494314,0.238312
1775992256288,31.633648,3.836483,0.995688,0.238312,0.461425
1775992256343,0.000000,-3.906237,0.996409,0.461425,0.220160
1775992256400,0.000000,0.000000,0.997011,0.220160,0.133886
1775992256456,0.000000,0.000000,0.997513,0.133886,0.089123
1775992256515,0.000000,0.000000,0.997932,0.089123,0.065931
1775992256572,0.000000,0.000000,0.998282,0.065931,0.053940
1775992256628,0.000000,0.000000,0.998572,0.053940,0.047763
1775992256685,0.000000,0.000000,0.998814,0.047763,0.044600
1775992256742,32.620613,3.810238,0.999016,0.044600,0.361097
1775992256799,0.000000,-3.810238,0.999183,0.361097,0.169505
1775992256856,0.000000,0.000000,0.999322,0.169505,0.108007
1775992256912,0.000000,0.000000,0.999438,0.108007,0.076051
1775992256968,32.366070,3.854246,0.999533,0.076051,0.377996
1775992257025,27.891996,0.023523,0.999613,0.377996,0.496716
1775992257080,24.609375,-0.041025,0.996118,0.496716,0.557105
1775992257136,0.000000,-3.837897,0.996768,0.557105,0.270669
1775992257192,29.994419,3.904967,0.989742,0.270669,0.477746
1775992257249,0.000000,-3.836459,0.991418,0.477746,0.228347
1775992257305,0.000000,0.000000,0.992828,0.228347,0.137306
1775992257362,0.000000,0.000000,0.994013,0.137306,0.090202
1775992257418,32.366070,3.891430,0.995007,0.090202,0.384821
1775992257475,0.000000,-3.823159,0.995839,0.384821,0.181043
1775992257532,0.000000,0.000000,0.996535,0.181043,0.113449
1775992257588,32.296314,3.833314,0.997116,0.113449,0.396750
1775992257645,31.387062,1.020730,0.990391,0.396750,0.514596
1775992257700,0.000000,-4.960858,0.991964,0.514596,0.236374
1775992257756,0.000000,0.000000,0.993287,0.236374,0.141572
1775992257813,31.421328,3.838315,0.994398,0.141572,0.410880
1775992257869,0.000000,-3.906857,0.995329,0.410880,0.193655
1775992257925,0.000000,0.000000,0.996108,0.193655,0.119922
1775992257982,0.000000,0.000000,0.996760,0.119922,0.081712
1775992258038,0.000000,0.000000,0.997304,0.081712,0.061951
1775992258094,0.000000,0.000000,0.997758,0.061951,0.051766
1775992258151,0.000000,0.000000,0.998136,0.051766,0.046546
1775992258207,0.000000,0.000000,0.998451,0.046546,0.043894
1775992258262,0.000000,0.000000,0.998714,0.043894,0.042568
1775992258321,0.000000,0.000000,0.998932,0.042568,0.041921
1775992258376,0.000000,0.000000,0.999113,0.041921,0.041622
1775992258432,33.203125,3.878296,0.999264,0.041622,0.360279
1775992258488,0.000000,-3.878296,0.999389,0.360279,0.168440
1775992258544,31.668526,3.856646,0.999493,0.168440,0.426054
1775992258600,26.785713,-0.034843,0.999398,0.426054,0.521079
1775992258656,36.307198,0.881997,0.995484,0.521079,0.578878
1775992258713,20.422150,-0.902245,0.977435,0.578878,0.545740
1775992258770,23.711622,0.030990,0.948647,0.545740,0.570459
1775992258828,22.999731,0.055365,0.935210,0.570459,0.572565
1775992258884,33.447266,0.902397,0.935396,0.572565,0.593837
1775992258941,0.000000,-4.677227,0.944117,0.593837,0.270846
1775992258997,28.564453,3.808144,0.949595,0.270846,0.468841
1775992259053,0.000000,-3.824121,0.956764,0.468841,0.216909
1775992259110,0.000000,0.000000,0.963071,0.216909,0.125407
1775992259166,38.888111,5.131345,0.968576,0.125407,0.410240
1775992259221,0.000000,-5.198474,0.973349,0.410240,0.176010
1775992259277,0.000000,-0.021947,0.977462,0.176010,0.106798
1775992259332,0.000000,-0.003143,0.980989,0.106798,0.071701
1775992259389,0.000000,-0.000531,0.983999,0.071701,0.054079
1775992259446,0.000000,-0.000100,0.986559,0.054079,0.045432
1775992259502,0.000000,-0.000019,0.988729,0.045432,0.041370
1775992259559,0.000000,-0.000004,0.990562,0.041370,0.039625
1775992259616,31.901041,3.761034,0.992108,0.039625,0.356637
1775992259672,53.745811,2.649406,0.993408,0.356637,0.510627
1775992259728,0.000000,-6.477602,0.994499,0.510627,0.219650
1775992259784,0.000000,0.000000,0.995413,0.219650,0.133300
1775992259840,32.679966,3.901907,0.996179,0.133300,0.407571
1775992259897,0.000000,-3.833453,0.996819,0.407571,0.192966
1775992259952,0.000000,0.000000,0.997353,0.192966,0.119813
1775992260008,0.000000,0.000000,0.997799,0.119813,0.081863
1775992260064,0.000000,0.000000,0.998170,0.081863,0.062203
1775992260120,0.000000,0.000000,0.998479,0.062203,0.052041
1775992260178,89.574356,8.045025,0.998737,0.052041,0.407259
1775992260235,0.000000,-8.186166,0.998951,0.407259,0.149703
1775992260291,0.000000,0.000000,0.999130,0.149703,0.097672
1775992260348,0.000000,0.000000,0.999278,0.097672,0.070645
1775992260404,0.000000,0.000000,0.999400,0.070645,0.056615
1775992260461,0.000000,0.000000,0.999503,0.056615,0.049341
1775992260517,0.000000,0.000000,0.999587,0.049341,0.045575
1775992260575,0.000000,0.000000,0.999658,0.045575,0.043630
1775992260632,0.000000,0.000000,0.999716,0.043630,0.042631
1775992260687,0.000000,0.000000,0.999765,0.042631,0.042121
1775992260743,0.000000,0.000000,0.999805,0.042121,0.041864
1775992260800,0.000000,0.000000,0.999838,0.041864,0.041737
1775992260857,0.000000,0.000000,0.999866,0.041737,0.041676
1775992260914,32.243694,3.810345,0.999889,0.041676,0.359753
1775992260971,29.022753,-0.070042,0.999908,0.359753,0.486353
1775992261029,0.000000,-3.675816,0.999924,0.486353,0.236130
1775992261084,0.000000,0.000000,0.999937,0.236130,0.142775
1775992261140,32.749722,3.853400,0.999948,0.142775,0.412767
1775992261197,23.608828,0.104499,0.999957,0.412767,0.511111
1775992261254,0.000000,-3.890296,0.999964,0.511111,0.246868
1775992261312,30.408136,3.726219,0.999006,0.246868,0.465435
1775992261368,0.000000,-3.859298,0.999175,0.465435,0.223268
1775992261426,30.172415,3.777550,0.996137,0.223268,0.453102
1775992261483,0.000000,-3.843822,0.996784,0.453102,0.216532
1775992261539,0.000000,0.000000,0.997324,0.216532,0.132061
1775992261596,0.000000,0.000000,0.997774,0.132061,0.088227
1775992261653,39.199562,4.895956,0.998150,0.088227,0.394467
1775992261710,0.000000,-4.874966,0.998463,0.394467,0.176066
1775992261767,0.000000,-0.017580,0.998723,0.176066,0.111123
1775992261824,0.000000,-0.002927,0.998940,0.111123,0.077543
1775992261880,32.784595,3.892858,0.999120,0.077543,0.379075
1775992261938,0.000000,-3.759097,0.999270,0.379075,0.179382
1775992261994,0.000000,-0.000000,0.999394,0.179382,0.113157
1775992262050,0.000000,0.000000,0.999497,0.113157,0.078741
1775992262107,0.000000,0.000000,0.999583,0.078741,0.060862
1775992262164,32.209431,3.822204,0.999654,0.060862,0.369801
1775992262220,0.000000,-3.890457,0.999713,0.369801,0.173335
1775992262278,0.000000,0.000000,0.999762,0.173335,0.110086
1775992262335,32.346493,3.833382,0.999803,0.110086,0.395539
1775992262392,28.748629,-0.089049,0.999535,0.395539,0.504697
1775992262448,0.000000,-3.811196,0.999614,0.504697,0.244253
1775992262504,0.000000,0.000000,0.999680,0.244253,0.146948
1775992262560,31.912666,3.950076,0.999566,0.146948,0.415827
1775992262617,0.000000,-3.880777,0.999640,0.415827,0.197350
1775992262674,31.729715,3.778128,0.998564,0.197350,0.440116
1775992262732,28.387663,-0.058630,0.978881,0.440116,0.524050
1775992262789,0.000000,-3.718469,0.982203,0.524050,0.251762
1775992262846,0.000000,0.000000,0.985034,0.251762,0.147923
1775992262903,32.243694,3.818158,0.985848,0.147923,0.412271
1775992262959,28.843470,-0.050455,0.977750,0.412271,0.509426
1775992263017,0.000000,-3.703613,0.981235,0.509426,0.244113
1775992263074,0.000000,0.000000,0.984210,0.244113,0.143781
1775992263131,31.181469,3.851422,0.985894,0.143781,0.410459
1775992263189,27.545797,-0.102059,0.972138,0.410459,0.506846
1775992263247,0.000000,-3.682959,0.976422,0.506846,0.242015
1775992263303,0.000000,0.000000,0.980100,0.242015,0.141868
1775992263359,0.000000,0.000000,0.983243,0.141868,0.090420
1775992263415,0.000000,0.000000,0.985918,0.090420,0.064202
1775992263474,61.937233,7.119053,0.988186,0.064202,0.402213
1775992263531,0.000000,-7.368845,0.990105,0.402213,0.153483
1775992263592,0.000000,0.000000,0.991722,0.153483,0.098156
1775992263648,87.297707,7.025827,0.993084,0.098156,0.419916
1775992263705,20.250822,-3.392270,0.990058,0.419916,0.438705
1775992263762,0.000000,-3.510297,0.991684,0.438705,0.211360
1775992263820,0.000000,0.000000,0.993051,0.211360,0.128518
1775992263879,0.000000,0.000000,0.994200,0.128518,0.085669
1775992263936,0.000000,0.000000,0.995163,0.085669,0.063581
1775992263992,0.000000,0.000000,0.995970,0.063581,0.052256
1775992264048,0.000000,0.000000,0.996644,0.052256,0.046502
1775992264105,0.000000,0.000000,0.997207,0.046502,0.043622
1775992264161,40.492466,5.174289,0.997677,0.043622,0.373962
1775992264218,0.000000,-5.035331,0.998069,0.373962,0.163721
1775992264275,0.000000,-0.039095,0.998395,0.163721,0.104423
1775992264334,0.000000,-0.007123,0.998667,0.104423,0.073962
1775992264390,32.052174,3.796912,0.998893,0.073962,0.376208
1775992264447,0.000000,-3.731990,0.999081,0.376208,0.178124
1775992264504,31.489857,3.842935,0.999237,0.178124,0.430901
1775992264564,20.996094,0.014643,0.997931,0.430901,0.488756
1775992264623,0.000000,-3.727580,0.998281,0.488756,0.236533
1775992264679,32.226562,3.855671,0.997351,0.236533,0.461024
1775992264737,28.387663,-0.075955,0.979284,0.461024,0.534830
1775992264793,22.181919,0.107549,0.962598,0.534830,0.550496
1775992264852,0.000000,-3.687034,0.968165,0.550496,0.263021
1775992264909,0.000000,0.000000,0.972994,0.263021,0.151370
1775992264965,0.000000,0.000000,0.977157,0.151370,0.094144
1775992265021,0.000000,0.000000,0.980729,0.094144,0.065100
1775992265077,0.000000,0.000000,0.983778,0.065100,0.050608
1775992265135,31.889818,3.719307,0.986372,0.050608,0.360783
1775992265192,0.000000,-3.784558,0.988570,0.360783,0.167476
1775992265248,0.000000,0.000000,0.990428,0.167476,0.105173
1775992265304,0.000000,0.000000,0.991995,0.105173,0.073089
1775992265360,32.400948,3.847002,0.993313,0.073089,0.375139
1775992265417,0.000000,-3.779511,0.994420,0.375139,0.176161
1775992265472,0.000000,0.000000,0.995347,0.176161,0.110673
1775992265528,0.000000,0.000000,0.996123,0.110673,0.076775
1775992265586,31.923492,3.780039,0.996772,0.076775,0.377078
1775992265643,31.284266,-0.066091,0.997314,0.377078,0.494882
1775992265700,28.268915,-0.031412,0.994998,0.494882,0.556024
1775992265756,22.356304,0.071705,0.982582,0.556024,0.567190
1775992265811,0.000000,-3.958183,0.985356,0.567190,0.272428
1775992265868,0.000000,0.000000,0.987710,0.272428,0.159204
1775992265925,0.000000,0.000000,0.989702,0.159204,0.100727
1775992265981,0.000000,0.000000,0.991383,0.100727,0.070654
1775992266037,0.000000,0.000000,0.992799,0.070654,0.055300
1775992266093,0.000000,0.000000,0.993988,0.055300,0.047554
1775992266149,40.457588,5.462389,0.994985,0.047554,0.378349
1775992266205,0.000000,-5.397255,0.995821,0.378349,0.161933
1775992266261,0.000000,-0.053784,0.996519,0.161933,0.102971
1775992266318,0.000000,-0.009050,0.997103,0.102971,0.072875
1775992266373,33.877842,4.001729,0.997590,0.072875,0.377430
1775992266429,0.000000,-3.932386,0.997997,0.377430,0.176539
1775992266485,0.000000,-0.000017,0.998335,0.176539,0.111467
1775992266542,0.000000,-0.000003,0.998617,0.111467,0.077686
1775992266598,33.133369,3.881717,0.998851,0.077686,0.378984
1775992266654,31.808035,-0.023690,0.999046,0.378984,0.496644
1775992266710,0.000000,-3.858028,0.999208,0.496644,0.239516
1775992266766,0.000000,0.000000,0.999343,0.239516,0.144417
1775992266821,0.000000,0.000000,0.999455,0.144417,0.094988
1775992266876,34.197445,4.049017,0.999548,0.094988,0.389793
1775992266932,0.000000,-3.976713,0.999625,0.389793,0.182850
1775992266990,28.960131,3.700885,0.999689,0.182850,0.432029
1775992267046,21.728516,0.114856,0.985626,0.432029,0.496428
1775992267103,27.480812,-0.111318,0.961036,0.496428,0.549237
1775992267159,30.587332,0.037427,0.944675,0.549237,0.574912
1775992267215,0.000000,-3.872036,0.952407,0.574912,0.270715
1775992267270,31.427557,3.903852,0.956806,0.270715,0.471172
1775992267325,0.000000,-3.903852,0.963109,0.471172,0.218593
1775992267380,38.210228,5.616403,0.968610,0.218593,0.463554
1775992267436,0.000000,-5.447523,0.973378,0.463554,0.201249
1775992267492,0.000000,-0.056706,0.977488,0.201249,0.119580
1775992267548,0.000000,-0.009682,0.981011,0.119580,0.078287
1775992267604,0.000000,-0.001796,0.984019,0.078287,0.057495
1775992267661,39.645012,5.332762,0.986576,0.057495,0.380540
1775992267716,27.450285,-1.515606,0.986284,0.380540,0.479982
1775992267773,26.864035,-0.146650,0.974741,0.479982,0.543072
1775992267829,0.000000,-3.790085,0.978659,0.543072,0.260228
1775992267885,0.000000,-0.000416,0.982012,0.260228,0.151717
1775992267941,0.000000,-0.000070,0.984871,0.151717,0.095866
1775992267997,33.307755,3.956179,0.987300,0.095866,0.386872
1775992268053,0.000000,-3.956191,0.989355,0.386872,0.179483
1775992268110,0.000000,0.000000,0.991091,0.179483,0.111549
1775992268165,0.000000,0.000000,0.992553,0.111549,0.076516
1775992268221,0.000000,0.000000,0.993781,0.076516,0.058545
1775992268276,0.000000,0.000000,0.994812,0.058545,0.049406
1775992268332,0.000000,0.000000,0.995676,0.049406,0.044826
1775992268388,0.000000,0.000000,0.996398,0.044826,0.042589
1775992268444,33.203125,3.878318,0.997002,0.042589,0.360330
1775992268501,0.000000,-3.810278,0.997506,0.360330,0.168770
1775992268558,31.112938,3.788938,0.997926,0.168770,0.425235
1775992268614,26.785713,-0.034793,0.997915,0.425235,0.520357
1775992268672,50.713902,2.434442,0.989072,0.520357,0.592745
1775992268727,20.525568,-2.675589,0.967039,0.592745,0.534344
1775992268783,0.000000,-3.715379,0.972024,0.534344,0.255110
1775992268839,31.982420,3.890347,0.970820,0.255110,0.465725
1775992268894,29.012785,-0.090338,0.955386,0.465725,0.532351
1775992268951,0.000000,-3.734927,0.961863,0.532351,0.251845
1775992269007,0.000000,0.000000,0.967524,0.251845,0.144465
1775992269063,0.000000,0.000000,0.972439,0.144465,0.089609
1775992269119,0.000000,0.000000,0.976680,0.089609,0.061933
1775992269176,39.576481,5.091173,0.980320,0.061933,0.379181
1775992269231,0.000000,-5.228673,0.983429,0.379181,0.161573
1775992269287,0.000000,-0.038211,0.986075,0.161573,0.100851
1775992269343,0.000000,-0.007029,0.988319,0.100851,0.070036
1775992269399,0.000000,-0.001274,0.990217,0.070036,0.054449
1775992269455,33.551895,3.964779,0.991817,0.054449,0.366325
1775992269512,0.000000,-3.895480,0.993163,0.366325,0.170167
1775992269567,0.000000,-0.000006,0.994294,0.170167,0.107345
1775992269623,0.000000,-0.000001,0.995241,0.107345,0.074868
1775992269680,32.380756,3.794249,0.996035,0.074868,0.376081
1775992269736,24.135044,0.074375,0.996234,0.376081,0.495552
1775992269794,0.000000,-3.800641,0.996864,0.495552,0.239054
1775992269850,0.000000,-0.000000,0.997391,0.239054,0.143786
1775992269906,0.000000,-0.000000,0.997830,0.143786,0.094335
1775992269962,32.366070,3.853189,0.998197,0.094335,0.387225
1775992270018,0.000000,-3.853189,0.998502,0.387225,0.182526
1775992270074,31.180244,3.965175,0.997803,0.182526,0.434126
1775992270132,27.377426,-0.132271,0.989946,0.434126,0.522412
1775992270187,0.000000,-3.897784,0.991589,0.522412,0.250994
1775992270243,0.000000,-0.000000,0.992972,0.250994,0.149111
1775992270299,0.000000,-0.000000,0.994133,0.149111,0.096364
1775992270355,0.000000,0.000000,0.995107,0.096364,0.069131
1775992270411,0.000000,0.000000,0.995923,0.069131,0.055133
1775992270465,0.000000,0.000000,0.996605,0.055133,0.047990
1775992270520,33.061081,3.898232,0.997174,0.047990,0.363372
1775992270577,0.000000,-3.761451,0.997650,0.363372,0.170869
1775992270633,30.412945,3.893541,0.998046,0.170869,0.427396
1775992270689,0.000000,-3.893541,0.998376,0.427396,0.202986
1775992270745,32.052174,3.907407,0.998651,0.202986,0.444357
1775992270803,27.949894,-0.006118,0.992603,0.444357,0.529525
1775992270859,0.000000,-3.901071,0.993824,0.529525,0.255107
1775992270914,0.000000,0.000000,0.994848,0.255107,0.151625
1775992270970,0.000000,0.000000,0.995706,0.151625,0.097986
1775992271026,0.000000,0.000000,0.996423,0.097986,0.070238
1775992271081,0.000000,0.000000,0.997023,0.070238,0.055928
1775992271137,40.527344,5.157481,0.997523,0.055928,0.380162
1775992271194,0.000000,-5.018777,0.997941,0.380162,0.167085
1775992271249,0.000000,-0.040546,0.998289,0.167085,0.106136
1775992271305,0.000000,-0.007513,0.998578,0.106136,0.074831
1775992271360,0.000000,-0.001443,0.998819,0.074831,0.058662
1775992271415,0.000000,-0.000272,0.999020,0.058662,0.050305
1775992271471,0.000000,-0.000050,0.999186,0.050305,0.045995
1775992271527,0.000000,-0.000010,0.999325,0.045995,0.043782
1775992271583,33.621651,3.973669,0.999440,0.043782,0.362392
1775992271638,0.000000,-4.045919,0.999535,0.362392,0.167891
1775992271694,0.000000,-0.000000,0.999615,0.167891,0.107226
1775992271750,0.000000,-0.000000,0.999680,0.107226,0.075694
1775992271807,32.586349,3.804463,0.999735,0.075694,0.377352
1775992271863,22.251673,0.052590,0.999780,0.377352,0.476308
1775992271919,0.000000,-3.924990,0.999818,0.476308,0.228394
1775992271976,31.798246,3.791412,0.999721,0.228394,0.456623
1775992272032,0.000000,-3.859115,0.999769,0.456623,0.218807
1775992272091,33.898304,4.727533,0.998457,0.218807,0.460746
1775992272148,25.047972,-1.056188,0.992218,0.460746,0.527470
1775992272203,23.508522,-0.016416,0.960311,0.527470,0.560448
1775992272259,0.000000,-3.889623,0.966173,0.560448,0.265772
1775992272315,0.000000,0.000000,0.971270,0.265772,0.152455
1775992272373,0.000000,0.000000,0.975674,0.152455,0.094411
1775992272429,0.000000,0.000000,0.979458,0.094411,0.064985
1775992272484,0.000000,0.000000,0.982694,0.064985,0.050331
1775992272541,0.000000,0.000000,0.985451,0.050331,0.043262
1775992272598,0.000000,0.000000,0.987791,0.043262,0.040055
1775992272654,63.127789,6.355708,0.989770,0.040055,0.382340
1775992272712,0.000000,-6.136546,0.991441,0.382340,0.155739
